Time,Size
0.0,5396
0.010855674743652344,691
0.06309056282043457,6900
0.09317660331726074,691
0.11679315567016602,9332
0.13689279556274414,691
0.19240427017211914,34088
0.24377679824829102,14421
0.2549405097961426,691
0.3011488914489746,13477
0.31182265281677246,691
0.36568522453308105,14597
0.37646007537841797,691
0.43749189376831055,691
0.48013997077941895,15541
0.4978828430175781,1061
0.501147985458374,691
0.54366135597229,12341
0.5547804832458496,691
0.6003074645996094,11589
0.6114354133605957,691
0.6703999042510986,12533
0.6770064830780029,691
0.7281694412231445,12165
0.7389836311340332,691
0.7931995391845703,14037
0.8049135208129883,691
0.8484625816345215,16853
0.8581774234771729,691
0.8763854503631592,691
0.9036598205566406,18933
0.9126162528991699,691
0.965888261795044,14981
0.9763686656951904,691
1.0399835109710693,691
1.0828263759613037,16485
1.0920958518981934,691
1.144963026046753,9524
1.1548848152160645,691
1.200951099395752,9716
1.2139034271240234,1028
1.2216229438781738,691
1.2656581401824951,9716
1.272965669631958,691
1.3201804161071777,9908
1.3394498825073242,691
1.386904239654541,10277
1.3920221328735352,691
1.445422887802124,11029
1.4571917057037354,691
1.5005300045013428,8964
1.5200934410095215,691
1.5627145767211914,7460
1.5726208686828613,691
1.6372337341308594,691
1.679675817489624,8964
1.7006704807281494,691
1.7443499565124512,6516
1.7558939456939697,691
1.8015763759613037,7460
1.811866044998169,691
1.8650789260864258,7460
1.8760428428649902,691
1.9219255447387695,7268
1.9380841255187988,691
1.983865737915039,9156
1.995544195175171,691
2.04207444190979,13093
2.056023597717285,691
2.0639219284057617,691
2.1049537658691406,13093
2.1190381050109863,691
2.1617724895477295,36344
2.242766857147217,691
2.284942388534546,9332
2.295631170272827,691
2.3411874771118164,6708
2.3522226810455322,691
2.4038259983062744,7828
2.413278341293335,691
2.4240946769714355,691
2.458207607269287,9908
2.4774694442749023,691
2.52195143699646,12917
2.542076349258423,691
2.5848283767700195,8580
2.594886064529419,691
2.6404173374176025,8772
2.660432815551758,691
2.7036328315734863,8772
2.713578224182129,691
2.7649729251861572,8020
2.7820725440979004,691
2.8379595279693604,691
2.8805603981018066,6516
2.902778148651123,691
2.947948694229126,5396
2.959942102432251,691
2.973681926727295,691
3.0018906593322754,8964
3.015835762023926,691
3.0655689239501953,9716
3.076587677001953,691
3.1140005588531494,691
3.1841659545898438,15508
4.339629888534546,691
4.344295978546143,195091
4.503912925720215,5204
4.513949632644653,691
4.560546636581421,7652
4.572280645370483,691
4.637593507766724,691
4.680324554443359,13477
4.6944801807403564,445
4.703625679016113,691
4.7422614097595215,8020
4.768755912780762,691
4.801143646240234,7268
4.822754144668579,691
4.868004322052002,5204
4.875620126724243,691
4.920163154602051,8020
4.9325761795043945,691
4.984787940979004,5396
4.994948387145996,691
5.0385048389434814,7460
5.058615207672119,691
5.104601860046387,5956
5.114863395690918,691
5.163749933242798,8404
5.173781394958496,691
5.2341437339782715,691
5.287485361099243,12533
5.30077338218689,691
5.354251384735107,11781
5.35453462600708,197
5.356648683547974,691
5.399834632873535,8404
5.420125484466553,691
5.461651802062988,6516
5.4726479053497314,691
5.5352253913879395,7828
5.535519123077393,691
5.580294370651245,9332
5.599319219589233,691
5.643216133117676,11781
5.652567386627197,691
5.714647054672241,9908
5.715804576873779,691
5.78214693069458,8772
5.782455921173096,691
5.83500075340271,691
5.878139495849609,9716
5.900697469711304,691
5.94299840927124,5764
5.95648193359375,691
6.000742673873901,7652
6.019205093383789,691
6.061992645263672,6324
6.073828935623169,691
6.12676477432251,6148
6.1356706619262695,691
6.181740999221802,38232
6.244248867034912,6516
6.256533145904541,691
6.273647785186768,691
6.302226781845093,10277
6.320787668228149,691
6.364774942398071,9156
6.3768017292022705,691
6.441947937011719,691
6.48379921913147,8580
6.497277021408081,691
6.539973974227905,8580
6.562625169754028,691
6.618425369262695,6900
6.618581056594849,691
6.660020112991333,6900
6.680061340332031,691
6.7237772941589355,8580
6.732828855514526,691
6.796122312545776,7460
6.8034117221832275,691
6.843974828720093,6516
6.854001045227051,691
6.905563116073608,6148
6.9248878955841064,691
6.963924169540405,6148
6.97401762008667,691
7.057436227798462,691
7.080350875854492,8020
7.1011528968811035,691
7.143378734588623,6516
7.153842926025391,724
7.153900384902954,691
7.202134609222412,5572
7.212992191314697,691
7.2616283893585205,6900
7.279924154281616,691
7.326540470123291,7268
7.3336122035980225,691
7.382182359695435,9716
7.401481628417969,691
7.454229354858398,7460
7.45453143119812,220
7.4545738697052,691
7.501037120819092,3316
7.514987945556641,691
7.562993764877319,4068
7.573192119598389,691
7.635756969451904,691
7.677988290786743,8020
7.700016498565674,691
7.741601228713989,2948
7.763674020767212,691
7.798586130142212,4068
7.818942308425903,691
7.866456508636475,7076
7.8778791427612305,691
7.920016765594482,4820
7.9405107498168945,691
7.983243465423584,4068
7.994107246398926,691
8.048864841461182,6900
8.058056592941284,691
8.101664304733276,3700
8.12019944190979,691
8.175804853439331,39176
8.20630669593811,80
8.23492693901062,691
8.279757976531982,7652
8.293640613555908,412
8.301951885223389,691
8.344585657119751,6324
8.355022192001343,691
8.402006149291992,8580
8.421872854232788,691
8.463082313537598,4452
8.476739883422852,691
8.519524574279785,4260
8.539745330810547,691
8.583966732025146,6148
8.602226734161377,691
8.643918514251709,5396
8.663945436477661,691
8.69951868057251,7460
8.71898627281189,691
8.76601529121399,3316
8.776585102081299,691
8.842509031295776,691
8.884463548660278,5396
8.898183107376099,691
8.939902782440186,4452
8.964746952056885,691
9.002319812774658,6148
9.022403478622437,691
9.068506240844727,4452
9.073913812637329,691
9.119701147079468,6148
9.139879941940308,691
9.181600093841553,5204
9.200654745101929,691
9.24319839477539,6324
9.253719568252563,691
9.273728609085083,691
9.299524784088135,5204
9.323848724365234,691
9.363991498947144,6900
9.383970260620117,691
9.441507816314697,691
9.484373331069946,11973
9.497206926345825,691
9.538891315460205,3700
9.55965256690979,691
9.626329898834229,4644
9.626373291015625,691
9.665151834487915,6900
9.673805475234985,691
9.719460248947144,5764
9.733881950378418,1420
9.739654541015625,691
9.782310962677002,4452
9.801521301269531,691
9.844734191894531,4644
9.853877544403076,691
9.89676570892334,6900
9.913808584213257,1108
9.91997241973877,691
9.963352680206299,3700
9.974670648574829,691
10.04013466835022,691
10.082202434539795,6900
10.095268964767456,1108
10.10353684425354,691
10.153863430023193,3892
10.158484697341919,691
10.206382274627686,38792
10.263033390045166,4452
10.273966312408447,691
10.319491386413574,5764
10.333871603012085,1420
10.339750289916992,691
10.381992816925049,7652
10.40475082397461,691
10.4436936378479,6148
10.45400619506836,691
10.499937772750854,5204
10.520654439926147,691
10.563657760620117,6516
10.5740065574646,691
10.639853715896606,691
10.681613445281982,7828
10.703779458999634,691
10.743875741958618,4644
10.760292291641235,691
10.802962064743042,5764
10.81430196762085,691
10.859274864196777,4068
10.879516839981079,691
10.922287225723267,5572
10.9424729347229,691
10.985292196273804,7268
10.995178699493408,691
11.038671255111694,5572
11.058902978897095,691
11.102240562438965,7268
11.1213698387146,691
11.164217233657837,6900
11.17631721496582,691
11.243348598480225,691
11.277723550796509,6324
11.300023078918457,691
11.34100079536438,3892
11.361471891403198,691
11.404223203659058,9716
11.414582014083862,691
11.459228038787842,5572
11.47857141494751,691
11.51993703842163,4260
11.540567874908447,691
11.583224773406982,4820
11.602367401123047,691
11.64460825920105,5572
11.658025979995728,691
11.699790000915527,3508
11.720784187316895,691
11.762737512588501,4644
11.78205394744873,691
11.838374853134155,691
11.880629301071167,5956
11.90145492553711,691
11.943498849868774,3700
11.957877397537231,691
12.001447916030884,4644
12.02164626121521,691
12.066508531570435,6516
12.077438592910767,691
12.119626760482788,5012
12.138847351074219,691
12.183732032775879,36405
12.201808452606201,691
12.245961666107178,5572
12.25626015663147,691
12.301314353942871,5956
12.32161545753479,691
12.365008354187012,10469
12.373896598815918,333
12.374837875366211,691
12.444844722747803,691
12.480605125427246,5956
12.502729892730713,691
12.547235488891602,4452
12.555557489395142,691
12.599042177200317,5396
12.619149684906006,691
12.66107964515686,3892
12.681430101394653,691
12.724560976028442,6324
12.745612144470215,691
12.784452199935913,3316
12.79993724822998,691
12.84165334701538,3316
12.861880779266357,691
12.904142141342163,5396
12.915473461151123,691
12.959117889404297,5396
12.97914433479309,691
13.041020393371582,691
13.082476615905762,8212
13.103029727935791,691
13.139542818069458,6324
13.161856174468994,691
13.201301097869873,6324
13.227514505386353,691
13.266613006591797,6324
13.277028560638428,691
13.320066928863525,7460
13.34021520614624,691
13.382579803466797,6324
13.393728494644165,532
13.401818037033081,691
13.44379734992981,4820
13.454710245132446,691
13.497187376022339,5012
13.516468524932861,691
13.563420534133911,3700
13.574703931808472,691
13.640313625335693,691
13.682953834533691,8020
13.70564866065979,691
13.744472742080688,2948
13.757107973098755,691
13.809218406677246,4260
13.819417238235474,691
13.861433744430542,5396
13.881026268005371,691
13.923017263412476,6324
13.943201780319214,691
13.980979442596436,3508
13.998811483383179,691
14.04137897491455,3700
14.061738014221191,691
14.118905067443848,4260
14.119011163711548,1364
14.11904001235962,691
14.161980628967285,32277
14.18506669998169,691
14.241702795028687,691
14.297277450561523,4068
14.297419309616089,1172
14.304920673370361,691
14.338853597640991,3892
14.359415769577026,691
14.401606559753418,4260
14.42139220237732,691
14.463311672210693,4644
14.484331607818604,691
14.526383638381958,5396
14.535629987716675,691
14.578924179077148,4452
14.598268270492554,691
14.640317678451538,3508
14.660625219345093,691
14.702593803405762,3508
14.722919225692749,691
14.765648365020752,3316
14.776760816574097,691
14.838284254074097,691
14.88112735748291,4068
14.902976274490356,691
14.939109325408936,3700
14.960172891616821,691
15.002063512802124,3700
15.022368669509888,691
15.066278219223022,3508
15.077327966690063,691
15.119041681289673,3316
15.139415979385376,691
15.181581735610962,4260
15.201011896133423,691
15.242984056472778,4820
15.26338505744934,691
15.299844980239868,5764
15.319325923919678,691
15.360854864120483,5956
15.381466388702393,691
15.445226669311523,691
15.478981971740723,5204
15.498607635498047,691
15.540572166442871,4452
15.561372995376587,691
15.603354692459106,6708
15.624147891998291,691
15.660105466842651,8964
15.67992877960205,691
15.723613739013672,9908
15.741749048233032,691
15.784747123718262,5956
15.795300722122192,691
15.839596033096313,5396
15.859644412994385,691
15.904397249221802,4260
15.92587947845459,691
15.959179878234863,5572
15.97944164276123,691
16.0410897731781,691
16.083199501037598,5396
16.103784799575806,691
16.139875888824463,3316
16.160768270492554,691
16.205111503601074,27381
16.218929767608643,691
16.26271963119507,3316
16.283357858657837,691
16.318871021270752,3700
16.33957290649414,691
16.381362915039062,5012
16.400701999664307,691
16.44282817840576,5572
16.463573932647705,691
16.499711275100708,7268
16.519906520843506,691
16.562071323394775,5764
16.582091331481934,691
16.644878149032593,691
16.679622888565063,7076
16.70071244239807,691
16.7463161945343,6708
16.77136516571045,691
16.8037850856781,5396
16.82480216026306,691
16.862154245376587,6516
16.87380599975586,724
16.88416576385498,691
16.917953729629517,5012
16.93836212158203,691
16.981788635253906,10084
17.001016855239868,691
17.044116973876953,10661
17.06324601173401,691
17.102604627609253,6324
17.123367071151733,691
17.15868830680847,10084
17.181427001953125,691
17.24258542060852,691
17.284985065460205,7828
17.296742916107178,691
17.340888261795044,5572
17.36227774620056,691
17.40430760383606,11781
17.42404055595398,691
17.459044456481934,3700
17.479492664337158,691
17.521153926849365,2756
17.541606187820435,691
17.583776473999023,5396
17.59414005279541,1052
17.60440945625305,691
17.639615774154663,6516
17.659955501556396,691
17.704428911209106,4644
17.716301441192627,691
17.761197805404663,4644
17.780532598495483,691
17.84231948852539,691
17.88572645187378,10837
17.897392511367798,691
17.940768003463745,4452
17.96304488182068,691
18.004177808761597,5396
18.02500057220459,691
18.05847430229187,6324
18.078847646713257,691
18.12136220932007,6900
18.142004251480103,691
18.18758273124695,20997
18.198533535003662,691
18.247374057769775,6324
18.257129192352295,691
18.3004732131958,5764
18.321029901504517,691
18.363611698150635,5764
18.383756160736084,691
18.43883991241455,691
18.481411695480347,9716
18.50170397758484,691
18.544373512268066,8772
18.5579833984375,691
18.600953817367554,8964
18.62091374397278,691
18.66409182548523,3316
18.68514108657837,691
18.727519512176514,4260
18.738802433013916,691
18.788007020950317,4644
18.802576541900635,691
18.845295906066895,7268
18.864579439163208,691
18.899487018585205,3892
18.919286727905273,691
18.961755990982056,7460
18.981463193893433,691
19.042969703674316,691
19.085824251174927,7460
19.101221799850464,691
19.139241456985474,2948
19.160621643066406,691
19.203471422195435,4820
19.222556352615356,691
19.265216588974,6324
19.2850239276886,691
19.318989992141724,3508
19.334235668182373,612
19.339478015899658,691
19.381405115127563,6516
19.400769233703613,691
19.442494869232178,3508
19.463376998901367,691
19.506091356277466,6148
19.525567293167114,691
19.559715270996094,7268
19.579015731811523,691
19.641582489013672,691
19.68339467048645,7076
19.704251527786255,691
19.740267276763916,3140
19.761622190475464,691
19.80357527732849,6708
19.82413935661316,691
19.859570026397705,3892
19.879966259002686,691
19.92227292060852,6708
19.94143581390381,691
19.987314224243164,4452
19.99764585494995,691
20.04042673110962,9524
20.053801774978638,836
20.060906410217285,691
20.103672981262207,10277
20.124380111694336,691
20.162883520126343,33221
20.183640003204346,691
20.24608588218689,691
20.279923677444458,15173
20.299660444259644,691
20.34321141242981,8404
20.364339351654053,691
20.402901887893677,5572
20.423392295837402,691
20.46629047393799,10837
20.47677206993103,691
20.52144980430603,6708
20.54129981994629,691
20.584222555160522,4820
20.602418661117554,691
20.644988298416138,6148
20.665101528167725,691
20.70292067527771,4260
20.723692655563354,691
20.764141082763672,9332
20.78514528274536,691
20.845021963119507,691
20.87944746017456,11413
20.90057373046875,691
20.944536209106445,5396
20.96393060684204,691
20.999374866485596,7076
21.01941180229187,691
21.062598943710327,7828
21.073851108551025,588
21.082666635513306,691
21.12618398666382,8772
21.137381076812744,691
21.18077254295349,7076
21.199630737304688,691
21.241840362548828,5764
21.261098861694336,691
21.30382204055786,6708
21.32401943206787,691
21.359772205352783,5396
21.379952669143677,691
21.441604137420654,691
21.484001398086548,6516
21.50414204597473,691
21.542296409606934,8404
21.55415987968445,1164
21.565074682235718,691
21.59917688369751,3892
21.619596481323242,691
21.663885354995728,12165
21.68429160118103,691
21.719640016555786,3508
21.74004030227661,691
21.784393072128296,14037
21.802517414093018,691
21.84586000442505,5204
21.859219551086426,691
21.902372360229492,13093
21.923118591308594,691
21.969103813171387,6516
21.985753297805786,691
22.03857731819153,691
22.081422328948975,10661
22.102471351623535,691
22.144967079162598,6900
22.165632486343384,691
22.20787286758423,8212
22.229089975357056,691
22.26374626159668,11973
22.275007247924805,389
22.284589290618896,691
22.31860065460205,4068
22.338500499725342,691
22.385428190231323,7268
22.403220415115356,691
22.438769817352295,5012
22.45906400680542,691
22.50183367729187,5764
22.51436710357666,1420
22.523737907409668,691
22.56061625480652,7268
22.584961652755737,691
22.642303943634033,691
22.68520498275757,6516
22.704805850982666,691
22.748784065246582,4068
22.76295495033264,691
22.81376552581787,10277
22.832756996154785,691
22.874865770339966,6148
22.88494300842285,691
22.928420782089233,4644
22.9397075176239,691
22.98160147666931,6900
22.99498748779297,1108
23.002175092697144,691
23.04705810546875,5764
23.06427788734436,691
23.101060152053833,7076
23.120283603668213,691
23.162312030792236,4068
23.176013708114624,1172
23.182708978652954,691
23.24603247642517,691
23.278473138809204,5396
23.30893039703369,691
23.340977668762207,4068
23.36394739151001,691
23.402957916259766,13477
23.421009063720703,691
23.463019132614136,9908
23.485982656478882,691
23.52495574951172,5956
23.54339075088501,691
23.58633303642273,7460
23.60696816444397,691
23.646721124649048,2948
23.658308267593384,691
23.702486038208008,6900
23.715831518173218,1108
23.722660541534424,691
23.764472484588623,3892
23.78492045402527,691
23.838939905166626,691
23.883164644241333,15733
23.904129028320312,691
23.939666986465454,6516
23.962393283843994,691
24.004818439483643,9156
24.024250268936157,691
24.064586639404297,2948
24.08512830734253,691
24.121474981307983,6324
24.141660928726196,691
24.187254190444946,35477
24.204115867614746,691
24.241780519485474,2756
24.261999130249023,691
24.304131746292114,5012
24.324612617492676,691
24.36414861679077,7268
24.384480476379395,691
24.44822645187378,691
24.480429887771606,6516
24.50271487236023,691
24.543314218521118,4452
24.554219484329224,108
24.565574169158936,691
24.599578619003296,7460
24.62026619911194,691
24.663060188293457,5572
24.682271480560303,691
24.72744607925415,8964
24.73953938484192,691
24.78680109977722,6516
24.798158645629883,691
24.84420609474182,5012
24.866714000701904,691
24.900376319885254,5396
24.920403957366943,691
24.96340036392212,6324
24.97493553161621,532
24.983232498168945,691
25.040165424346924,691
25.079992532730103,4644
25.102368116378784,691
25.145516872406006,4452
25.166070699691772,691
25.20253849029541,6324
25.222522258758545,691
25.265843391418457,4820
25.285168647766113,691
25.328065633773804,7652
25.347305059432983,691
25.382787942886353,4820
25.400149822235107,691
25.446130514144897,6148
25.458277702331543,691
25.47415590286255,691
25.50078272819519,4820
25.52161455154419,691
25.56438684463501,6324
25.58426523208618,691
25.640461683273315,691
25.68218421936035,5956
25.703734636306763,691
25.739261150360107,4068
25.760079860687256,691
25.80246925354004,5572
25.822670459747314,691
25.86580467224121,7268
25.88607406616211,691
25.92848229408264,5012
25.93846607208252,691
25.983604192733765,6900
25.993969202041626,1108
25.999964952468872,691
26.045158863067627,4820
26.065000772476196,691
26.099814653396606,6148
26.119380235671997,691
26.162873029708862,23621
26.183207511901855,691
26.2447829246521,691
26.281137466430664,7268
26.30075740814209,691
26.342880249023438,3892
26.363168001174927,691
26.405949115753174,5956
26.425819873809814,691
26.46367359161377,3508
26.473867177963257,612
26.484206438064575,691
26.526968955993652,5012
26.547195434570312,691
26.579628705978394,6516
26.598793745040894,691
26.646504402160645,4644
26.666728734970093,691
26.70043158531189,6708
26.720451593399048,691
26.7691068649292,4260
26.780537843704224,691
26.84131121635437,691
26.883857250213623,8020
26.90396547317505,691
26.9393892288208,4644
26.961238861083984,691
27.00337314605713,8020
27.01436710357666,780
27.02410364151001,691
27.059494256973267,6148
27.08147692680359,691
27.123188972473145,5012
27.14371681213379,691
27.175907850265503,6900
27.20513153076172,691
27.240198135375977,5204
27.25951337814331,691
27.30258083343506,8580
27.32376766204834,691
27.365427017211914,6900
27.38530707359314,691
27.448917627334595,691
27.48125982284546,8404
27.502201318740845,691
27.541682243347168,4068
27.564208269119263,691
27.600199937820435,5572
27.61897301673889,691
27.661158800125122,6708
27.681069374084473,691
27.72417449951172,4452
27.73376965522766,108
27.74424982070923,691
27.783808946609497,6148
27.80146074295044,691
27.843698263168335,3892
27.863524675369263,691
27.90250825881958,5204
27.924788236618042,691
27.96053957939148,6708
27.97961664199829,691
28.041142463684082,691
28.08323907852173,5956
28.104166269302368,691
28.146607160568237,3140
28.167017936706543,691
28.20560383796692,28709
28.22564458847046,691
28.259986877441406,5396
28.28022289276123,691
28.323510885238647,8212
28.343136310577393,691
28.385696172714233,5956
28.40554714202881,691
28.448074102401733,5956
28.458895206451416,691
28.501723527908325,9156
28.522449254989624,691
28.564774751663208,5956
28.586169242858887,691
28.649506330490112,691
28.681817531585693,9908
28.70292019844055,691
28.747185230255127,4820
28.771894693374634,691
28.804247856140137,7268
28.825265884399414,691
28.86239242553711,4068
28.883724689483643,691
28.917611598968506,6148
28.94921112060547,691
28.98185658454895,3316
29.001383543014526,691
29.043291091918945,4820
29.064055919647217,691
29.102280139923096,6324
29.12235450744629,691
29.164100170135498,4452
29.18677043914795,691
29.24992060661316,691
29.282306909561157,9716
29.303519010543823,691
29.34280228614807,6324
29.36316704750061,691
29.400519371032715,6900
29.42072629928589,691
29.46920347213745,5572
29.48830795288086,691
29.52506709098816,7076
29.545753717422485,691
29.583643198013306,5764
29.60310196876526,691
29.645944118499756,7828
29.66542363166809,691
29.70062494277954,6516
29.72000026702881,691
29.762614965438843,5396
29.782387018203735,691
29.844115018844604,691
29.879615545272827,9156
29.91097116470337,691
29.9418625831604,5396
29.964564085006714,691
30.004644870758057,6900
30.024758100509644,691
30.06005358695984,5396
30.101006269454956,691
30.125590085983276,8404
30.14688754081726,691
30.185627460479736,26261
30.200719356536865,691
30.243611812591553,6148
30.266163110733032,691
30.300053119659424,5396
30.320192575454712,691
30.366019248962402,6516
30.38319158554077,691
30.440579652786255,691
30.482596397399902,4820
30.504120588302612,691
30.53978419303894,3892
30.56221914291382,691
30.60410714149475,8404
30.62546968460083,691
30.663129806518555,3892
30.68388295173645,691
30.71903705596924,6516
30.739623308181763,691
30.786123037338257,3700
30.801084756851196,691
30.84361219406128,6324
30.86370873451233,691
30.90010643005371,5204
30.920170545578003,691
30.962024688720703,8772
30.984949111938477,691
31.048496961593628,691
31.082725048065186,8020
31.103543519973755,691
31.139437913894653,4260
31.170135498046875,691
31.202292442321777,6148
31.222485542297363,691
31.265921592712402,4452
31.286394119262695,691
31.328819513320923,5572
31.34944486618042,691
31.382123708724976,7460
31.401474237442017,691
31.44297480583191,3892
31.46353554725647,691
31.500297784805298,5572
31.522292852401733,691
31.56263279914856,6324
31.582820892333984,691
31.64514923095703,691
31.687673568725586,6708
31.709739685058594,691
31.73955488204956,2756
31.760162591934204,691
31.802223920822144,4820
31.824153184890747,691
31.855802059173584,6708
31.886889219284058,691
31.919126987457275,4260
31.934041500091553,1364
31.939798831939697,691
31.982187747955322,6708
32.0030574798584,691
32.04594111442566,5396
32.06597971916199,691
32.10141849517822,10661
32.12147665023804,883
32.16602683067322,29269
32.18770122528076,691
32.24081873893738,691
32.283281564712524,10837
32.30261850357056,691
32.34468650817871,6708
32.36645221710205,691
32.40186357498169,9524
32.42222213745117,691
32.464943408966064,6900
32.48468589782715,691
32.520792722702026,4260
32.54059720039368,691
32.58258819580078,3892
32.60197734832764,691
32.64289855957031,4820
32.65400457382202,476
32.66239809989929,691
32.70715379714966,5396
32.72757434844971,691
32.76542043685913,6900
32.785649061203,691
32.840564250946045,691
32.882123947143555,4820
32.90187644958496,691
32.94628286361694,5396
32.95561623573303,1052
32.964568853378296,691
33.00315809249878,7460
33.02342486381531,691
33.06022906303406,4452
33.08012104034424,691
33.12232971191406,5956
33.142465591430664,691
33.18460297584534,3892
33.205132722854614,691
33.238638162612915,5764
33.268728256225586,691
33.30178761482239,8964
33.32175636291504,691
33.365861654281616,4260
33.38428020477295,691
33.449803829193115,691
33.48106050491333,7828
33.50168323516846,691
33.54138946533203,3316
33.572235107421875,691
33.59837293624878,5956
33.62893748283386,691
33.66612720489502,3892
33.67772030830383,996
33.68352198600769,691
33.72207164764404,6324
33.74400329589844,691
33.78446674346924,4260
33.80630707740784,691
33.840508699417114,7076
33.86063361167908,691
33.90261673927307,4452
33.922974586486816,691
33.96692991256714,7652
33.985291719436646,691
34.04185938835144,691
34.08813166618347,9716
34.10506534576416,691
34.13828659057617,8020
34.16901659965515,691
34.203500509262085,41109
34.2248911857605,691
34.264007806777954,5764
34.28442978858948,691
34.325352907180786,4452
34.345635652542114,691
34.39140725135803,6708
34.39414739608765,916
34.40840172767639,691
34.44095039367676,4068
34.46137309074402,691
34.50440239906311,5956
34.52556395530701,691
34.559619188308716,2196
34.58100080490112,691
34.64519119262695,691
34.6789186000824,6708
34.70896315574646,691
34.74266576766968,5764
34.768961668014526,691
34.80164980888367,5012
34.82209515571594,691
34.86413836479187,6900
34.88782000541687,691
34.923725843429565,4820
34.94461941719055,691
34.980637311935425,6900
35.00350379943848,691
35.04278755187988,5012
35.064677715301514,691
35.10855770111084,6900
35.128690242767334,691
35.1606822013855,5012
35.1808762550354,691
35.24378561973572,691
35.280972957611084,9332
35.30550003051758,691
35.34449243545532,4644
35.36643123626709,691
35.412572622299194,5764
35.41410994529724,1420
35.42222881317139,691
35.46389150619507,3508
35.484466314315796,691
35.52025890350342,4820
35.54058814048767,691
35.583101749420166,6148
35.60253190994263,691
35.644078493118286,3140
35.66372013092041,691
35.702661991119385,6324
35.72276258468628,691
35.76592946052551,5012
35.78676652908325,691
35.85007572174072,691
35.88424038887024,9332
35.90427923202515,691
35.94218611717224,7460
35.96256637573242,691
36.00458240509033,6324
36.02469563484192,691
36.060165882110596,5012
36.08059024810791,691
36.12620782852173,6324
36.13473629951477,532
36.14478921890259,691
36.189244985580444,45368
36.242891788482666,4452
36.26327705383301,691
36.299246311187744,7076
36.32805323600769,691
36.36026930809021,4644
36.390774726867676,691
36.442211389541626,691
36.48544526100159,7268
36.51127815246582,691
36.542213916778564,2564
36.57282066345215,691
36.604615926742554,5572
36.625263690948486,691
36.66219425201416,8404
36.682790756225586,691
36.725586891174316,7268
36.745617628097534,691
36.78500723838806,5204
36.81073069572449,691
36.84261918067932,7652
36.86495923995972,691
36.90120887756348,4820
36.921616554260254,691
36.9642653465271,7652
36.9739670753479,412
36.984402894973755,691
37.043153047561646,691
37.08376955986023,6516
37.10463500022888,691
37.13969159126282,7076
37.17083406448364,691
37.20208168029785,4452
37.22524285316467,691
37.25931429862976,4644
37.29044318199158,691
37.32256245613098,5956
37.34275221824646,691
37.38458442687988,4260
37.40492844581604,691
37.440409660339355,5572
37.46079444885254,691
37.502989530563354,7460
37.525221824645996,691
37.55801558494568,4260
37.58842658996582,691
37.64990186691284,691
37.681905031204224,8212
37.703612327575684,691
37.74134707450867,3316
37.763596534729004,691
37.79978060722351,4644
37.82091188430786,691
37.863221883773804,4820
37.87393641471863,476
37.88344144821167,691
37.92588710784912,8020
37.94640898704529,691
37.98893094062805,4820
38.00842761993408,691
38.040018796920776,7828
38.071139097213745,691
38.104777812957764,5396
38.1256103515625,691
38.17249345779419,57976
38.24268984794617,691
38.277207374572754,5012
38.30712938308716,691
38.33959245681763,6708
38.37141180038452,691
38.403541564941406,4820
38.42379689216614,691
38.45946764945984,6708
38.48346161842346,691
38.52095890045166,4260
38.54227066040039,691
38.58427119255066,6708
38.60673213005066,691
38.6395480632782,4452
38.66996192932129,691
38.702293395996094,7076
38.72244429588318,691
38.77750778198242,4260
38.788790225982666,691
38.850120067596436,691
38.881532430648804,8020
38.89425444602966,780
38.904643297195435,691
38.93961548805237,3316
38.97038817405701,691
39.00280952453613,5012
39.023433685302734,691
39.065767765045166,8772
39.08671855926514,691
39.119990825653076,10837
39.14199113845825,691
39.18397402763367,7828
39.20374512672424,691
39.23960328102112,4820
39.26928353309631,691
39.301682233810425,6708
39.321921586990356,691
39.3645441532135,4452
39.38493752479553,691
39.44649958610535,691
39.47919774055481,8964
39.5095477104187,691
39.54072618484497,5012
39.5706262588501,691
39.602651834487915,6516
39.61418437957764,724
39.62320065498352,691
39.66613531112671,3892
39.686527252197266,691
39.720165491104126,5572
39.75027012825012,691
39.782517194747925,7076
39.80170464515686,691
39.843644857406616,4068
39.863049030303955,691
39.90547037124634,6324
39.92396354675293,532
39.92575025558472,691
39.959887981414795,3700
39.99118685722351,691
40.04251956939697,691
40.08467364311218,6708
40.106995820999146,691
40.13987612724304,2004
40.17044544219971,691
40.20601177215576,45752
40.26654934883118,6148
40.28727436065674,691
40.32249855995178,5956
40.34276461601257,691
40.38515377044678,5572
40.40535926818848,691
40.441717863082886,5012
40.46199059486389,691
40.50658369064331,7268
40.526578426361084,883
40.561057806015015,4820
40.581467390060425,691
40.643550157547,691
40.686070919036865,9524
40.70779538154602,691
40.73978352546692,4260
40.77753138542175,691
40.79961037635803,5956
40.81401610374451,164
40.83054876327515,691
40.86277508735657,4068
40.88299083709717,691
40.92557692527771,6516
40.94562911987305,691
40.979626417160034,4452
41.00977063179016,691
41.04262566566467,6900
41.062625885009766,691
41.10601449012756,4260
41.12617611885071,691
41.15986156463623,6516
41.19001269340515,691
41.245563983917236,691
41.28846311569214,5572
41.3110146522522,691
41.342806816101074,3140
41.354018449783325,244
41.36455512046814,691
41.39819025993347,4644
41.42910933494568,691
41.46163034439087,6516
41.474146366119385,724
41.482492446899414,691
41.52322316169739,3508
41.54385590553284,691
41.587242603302,5396
41.60707926750183,691
41.64047956466675,6148
41.66355109214783,691
41.698450803756714,3892
41.73127460479736,691
41.76141047477722,4820
41.78220820426941,691
41.84346795082092,691
41.88878011703491,11221
41.909618854522705,691
41.94192385673523,6708
41.97251892089844,691
42.0000057220459,5764
42.03031826019287,691
42.063279151916504,4260
42.07438087463379,1364
42.08324193954468,691
42.12571978569031,5204
42.145636320114136,691
42.187143325805664,45192
42.245461225509644,2948
42.26562857627869,691
42.30056118965149,5012
42.329800844192505,691
42.36242175102234,8020
42.382423639297485,691
42.445096015930176,691
42.48720407485962,4820
42.50764274597168,691
42.540581941604614,10837
42.572635650634766,691
42.605494022369385,9908
42.625959157943726,691
42.65932083129883,5956
42.68882489204407,691
42.720895528793335,5572
42.751144886016846,691
42.79092860221863,4452
42.80328989028931,691
42.84578537940979,6516
42.86586880683899,691
42.89984130859375,5012
42.92569899559021,691
42.96844840049744,7652
42.98970293998718,691
43.05389928817749,691
43.08792209625244,7268
43.10840702056885,691
43.13986396789551,2564
43.17117881774902,691
43.20276761054993,3140
43.22325301170349,691
43.26803278923035,6516
43.287758588790894,691
43.32015132904053,3316
43.35041785240173,691
43.38244366645813,4820
43.40223550796509,691
43.44475197792053,6148
43.46457266807556,691
43.504597425460815,3508
43.526663303375244,691
43.559999227523804,4644
43.59047722816467,691
43.652687788009644,691
43.68531942367554,8212
43.706188678741455,691
43.737842321395874,4068
43.769323110580444,691
43.80155158042908,6148
43.81419539451599,356
43.822585105895996,691
43.86402606964111,2388
43.88445162773132,691
43.92125654220581,4068
43.94246816635132,691
43.98448896408081,7652
44.006622552871704,691
44.03967785835266,5204
44.069263219833374,691
44.10232996940613,4452
44.125049352645874,108
44.125113010406494,691
44.16504764556885,46757
44.18868613243103,691
44.244855642318726,691
44.27948570251465,8772
44.30890107154846,691
44.34078931808472,5764
44.37278199195862,691
44.40472912788391,5764
44.42616605758667,691
44.46317791938782,4820
44.48445105552673,691
44.51907444000244,5204
44.54946947097778,691
44.583425521850586,6900
44.602426052093506,691
44.64427185058594,4260
44.65421414375305,1364
44.665515184402466,691
44.701207876205444,6324
44.722453355789185,691
44.76995301246643,4644
44.7910430431366,691
44.852776527404785,691
44.885894775390625,9332
44.90633010864258,691
44.94235014915466,4452
44.963172912597656,691
45.00465941429138,6516
45.02459955215454,724
45.02660799026489,691
45.060452938079834,4068
45.09155774116516,691
45.124061822891235,6148
45.14445614814758,691
45.18704080581665,3508
45.207494258880615,691
45.24365758895874,5012
45.26394438743591,691
45.2985737323761,5396
45.32891917228699,691
45.36158728599548,6324
45.39158773422241,691
45.44302439689636,691
45.48553013801575,6708
45.507049560546875,691
45.541099309921265,6900
45.57379722595215,691
45.60343813896179,4820
45.62423872947693,691
45.665393590927124,8404
45.689183950424194,691
45.721190452575684,6708
45.74279427528381,691
45.78495454788208,4644
45.80646228790283,691
45.839935064315796,6148
45.87000107765198,691
45.9059898853302,4820
45.926222801208496,691
45.96045112609863,6324
45.99079990386963,691
46.053415060043335,691
46.0852210521698,6148
46.10576248168945,691
46.140647649765015,3316
46.17143702507019,691
46.205997467041016,34840
46.262155294418335,3316
46.28271722793579,691
46.32589554786682,4820
46.34624195098877,691
46.38112187385559,5572
46.4107620716095,691
46.44264340400696,4260
46.46292209625244,691
46.505194902420044,5396
46.525203704833984,691
46.56248474121094,6708
46.58315086364746,691
46.64680600166321,691
46.68756413459778,5396
46.7092490196228,691
46.74003529548645,5396
46.777045011520386,691
46.8096821308136,6324
46.82941746711731,691
46.86166477203369,4068
46.89102053642273,691
46.92320156097412,5204
46.94341206550598,691
46.980669021606445,7076
47.00858736038208,691
47.04297947883606,5396
47.06359076499939,691
47.106163024902344,8404
47.12651705741882,691
47.16062140464783,5764
47.19117212295532,691
47.25441646575928,691
47.27810764312744,10277
47.30807542800903,691
47.34014129638672,4260
47.370983600616455,691
47.40186619758606,5396
47.42314076423645,691
47.46632695198059,7460
47.486546754837036,691
47.52046179771423,4820
47.55157923698425,691
47.58328652381897,7828
47.603437662124634,691
47.64595079421997,5204
47.66603207588196,691
47.70457887649536,8020
47.72481822967529,691
47.75935387611389,4820
47.80275630950928,691
47.85343360900879,691
47.88596749305725,9524
47.90683674812317,691
47.94212889671326,4644
47.9734160900116,691
48.009419202804565,7268
48.026015758514404,28
48.02607989311218,691
48.06128811836243,4452
48.09161710739136,691
48.12442469596863,5956
48.147613286972046,691
48.18802499771118,37541
48.20727276802063,691
48.24737048149109,2388
48.267881870269775,691
48.30401921272278,10837
48.31929922103882,701
48.32420492172241,691
48.36071515083313,10661
48.391149044036865,691
48.453866481781006,691
48.47892951965332,5956
48.50994539260864,691
48.54206442832947,6148
48.57350707054138,691
48.60515785217285,3700
48.625736713409424,691
48.65790247917175,6148
48.68826389312744,691
48.720633029937744,4452
48.75096297264099,691
48.793646812438965,6900
48.80587315559387,691
48.84150290489197,3892
48.87212085723877,691
48.90416431427002,5764
48.92346000671387,691
48.9605438709259,6900
48.99003481864929,691
49.05072021484375,691
49.08280277252197,6900
49.11405324935913,691
49.14387321472168,3700
49.16478085517883,691
49.20687174797058,5204
49.2260959148407,691
49.26845932006836,6148
49.288490772247314,691
49.32031321525574,3892
49.3502893447876,691
49.382455825805664,5572
49.41228437423706,691
49.444868326187134,7828
49.46605634689331,691
49.50417494773865,3892
49.526461601257324,691
49.56059670448303,5396
49.59213900566101,691
49.65373492240906,691
49.67887783050537,12165
49.71127247810364,691
49.74344277381897,4644
49.764097452163696,691
49.81314563751221,6516
49.82380700111389,691
49.86919951438904,6148
49.8900363445282,691
49.92485690116882,4644
49.952064037323,691
49.98410367965698,7268
50.003570318222046,691
50.04048442840576,5012
50.07113766670227,691
50.10394501686096,7652
50.124366760253906,691
50.162078857421875,39989
50.18625211715698,691
50.252859115600586,691
50.285051345825195,8212
50.3069212436676,691
50.339463233947754,4260
50.37139701843262,691
50.404115200042725,6708
50.424060106277466,691
50.461801290512085,4644
50.49201011657715,691
50.52420949935913,7076
50.5455756187439,691
50.58400106430054,4820
50.613643646240234,691
50.641401052474976,7652
50.668041706085205,691
50.70036959648132,4820
50.72396206855774,691
50.76701045036316,8020
50.788801193237305,691
50.85010313987732,691
50.88197946548462,5956
50.91458606719971,691
50.940059423446655,3140
50.973957777023315,691
51.0016348361969,4068
51.03206133842468,691
51.06441307067871,4820
51.08505034446716,691
51.12020993232727,5572
51.15183138847351,691
51.18136811256409,5764
51.21081876754761,691
51.2431914806366,4820
51.26394200325012,691
51.30795073509216,7076
51.32711458206177,691
51.36527752876282,5396
51.387266874313354,691
51.45162606239319,691
51.483725786209106,6708
51.50592255592346,691
51.539979457855225,3508
51.57270383834839,691
51.60455346107483,5204
51.62528729438782,691
51.66800618171692,6516
51.68808150291443,691
51.72050452232361,4644
51.75023913383484,691
51.78405451774597,6148
51.79414916038513,356
51.81175637245178,691
51.84371900558472,4260
51.8641254901886,691
51.900803565979004,5764
51.93088912963867,691
51.96277332305908,4068
51.98425102233887,691
52.0478994846344,691
52.08041071891785,8020
52.110907316207886,691
52.14359474182129,5012
52.17639875411987,691
52.20878744125366,44501
52.2298583984375,691
52.26147127151489,4260
52.29230713844299,691
52.32426357269287,5572
52.334306955337524,1228
52.344701290130615,691
52.38196611404419,5204
52.4084267616272,691
52.44537568092346,6516
52.46658134460449,691
52.50528526306152,4820
52.5256187915802,691
52.559842109680176,5956
52.590887784957886,691
52.65238332748413,691
52.68472075462341,7652
52.70802974700928,691
52.74194574356079,7268
52.77905821800232,691
52.80046224594116,4644
52.83070421218872,691
52.8658709526062,5764
52.886229276657104,691
52.91805672645569,2948
52.93482708930969,52
52.94832444190979,691
52.98163938522339,5204
53.01095628738403,691
53.04343628883362,6900
53.064974546432495,691
53.10323452949524,4068
53.13282060623169,691
53.16601061820984,5956
53.185574769973755,691
53.24962639808655,691
53.28178071975708,6148
53.31279516220093,691
53.34397006034851,2948
53.36514639854431,691
53.40144658088684,4260
53.43198609352112,691
53.464112997055054,5204
53.485233306884766,691
53.52876424789429,7652
53.54912972450256,691
53.5814528465271,3700
53.61076378822327,691
53.64346385002136,6148
53.67391753196716,691
53.69868302345276,5012
53.72918939590454,691
53.76140642166138,6708
53.79261612892151,691
53.854572057724,691
53.887402057647705,7460
53.90790629386902,691
53.940476179122925,4260
53.97147250175476,691
54.00352144241333,6148
54.03394174575806,691
54.067368030548096,3508
54.088533878326416,691
54.12267231941223,9716
54.153156757354736,691
54.18914175033569,48261
54.209617614746094,691
54.245126724243164,9716
54.25432252883911,1028
54.264922857284546,691
54.301960945129395,11413
54.33246040344238,691
54.36475205421448,12165
54.38550877571106,691
54.449562311172485,691
54.48222994804382,15925
54.51245474815369,691
54.544384717941284,9332
54.56725311279297,691
54.60116648674011,7460
54.63354134559631,691
54.663243532180786,6324
54.69331431388855,691
54.7257661819458,4820
54.74429702758789,476
54.745728731155396,691
54.7908501625061,7268
54.813408613204956,691
54.84532070159912,4644
54.865591287612915,691
54.89978504180908,7076
54.929903745651245,691
54.963096618652344,4644
54.97459650039673,300
54.99326014518738,691
55.0506010055542,691
55.08328413963318,9332
55.11402177810669,691
55.141721963882446,4068
55.172455072402954,691
55.20464086532593,6708
55.224865198135376,691
55.26766061782837,5204
55.28797245025635,691
55.32129502296448,7076
55.353617906570435,691
55.38603448867798,6708
55.4072790145874,691
55.44172406196594,5012
55.47235870361328,691
55.505820751190186,6708
55.52507281303406,691
55.560195446014404,5764
55.594407081604004,691
55.65216851234436,691
55.690574169158936,12341
55.713886976242065,691
55.740888357162476,7268
55.77163910865784,691
55.803123474121094,4644
55.834165811538696,691
55.858943939208984,5572
55.896756410598755,691
55.922964334487915,8020
55.95374083518982,691
56.006709814071655,4260
56.006855726242065,1364
56.0161247253418,691
56.038846015930176,8212
56.06912684440613,691
56.10368466377258,5572
56.1314160823822,691
56.16928315162659,42936
56.25236201286316,691
56.284549713134766,6148
56.306626081466675,691
56.340187311172485,4068
56.375510931015015,691
56.41297006607056,5012
56.41423988342285,668
56.42490482330322,691
56.460153579711914,4820
56.49139142036438,691
56.523884534835815,6516
56.546733379364014,691
56.58288240432739,5764
56.61125063896179,691
56.643412351608276,5204
56.673383951187134,691
56.6961624622345,6516
56.730499029159546,691
56.77108931541443,4644
56.78569531440735,300
56.7904486656189,691
56.85243821144104,691
56.88747954368591,7652
56.91799283027649,691
56.94230604171753,3508
56.976722240448,691
57.000487089157104,5204
57.03078627586365,691
57.06687092781067,6324
57.08771324157715,691
57.120803356170654,4260
57.15057301521301,691
57.182706117630005,5572
57.21210050582886,691
57.243746280670166,4068
57.26511740684509,691
57.307520151138306,5572
57.32809662818909,691
57.359814405441284,3892
57.37437558174133,996
57.39264535903931,691
57.45400023460388,691
57.47998929023743,8404
57.51096701622009,691
57.54310464859009,6516
57.57488179206848,691
57.60038471221924,4820
57.63461756706238,691
57.666508436203,8020
57.68665075302124,691
57.72311067581177,4644
57.75341486930847,691
57.785547494888306,7268
57.81408762931824,691
57.84173369407654,3892
57.873934745788574,691
57.904603242874146,5764
57.927109479904175,691
57.95930576324463,3892
57.98892068862915,691
58.051188945770264,691
58.08321404457092,7828
58.11627435684204,691
58.14498782157898,3892
58.1757550239563,691
58.203866958618164,35285
58.22569274902344,691
58.26869058609009,3140
58.288633584976196,691
58.32096076011658,4452
58.334240674972534,108
58.34973907470703,691
58.38329792022705,5956
58.41248869895935,691
58.44427752494812,4820
58.466479778289795,691
58.50267219543457,6900
58.53317832946777,691
58.56510806083679,5012
58.58549928665161,691
58.66162967681885,691
58.68052840232849,8580
58.711456537246704,691
58.74374341964722,6148
58.781299352645874,691
58.80294919013977,4452
58.833497762680054,691
58.866090536117554,5764
58.88644862174988,691
58.92020535469055,3316
58.95080256462097,691
58.982603311538696,4452
59.0120325088501,691
59.046565532684326,6148
59.067728996276855,691
59.100966930389404,3892
59.13131904602051,691
59.171483755111694,6148
59.19448494911194,691
59.248780727386475,691
59.28161668777466,6900
59.31308698654175,691
59.3449182510376,3700
59.37918257713318,691
59.402448654174805,6708
59.43201732635498,691
59.46531677246094,4820
59.48678374290466,691
59.52428579330444,6900
59.554713010787964,691
59.58367943763733,5012
59.60994529724121,691
59.64197826385498,7076
59.69169592857361,691
59.70105719566345,4260
59.731658935546875,691
59.76478958129883,5572
59.79312205314636,691
59.85647702217102,691
59.88986587524414,5012
59.909327030181885,691
59.94210958480835,5764
59.973533630371094,691
60.00300598144531,3700
60.03417754173279,691
60.061726331710815,5572
60.097216844558716,691
60.122596979141235,3508
60.152313232421875,691
60.20551896095276,33029
60.2143280506134,691
60.24190711975098,4644
60.27248501777649,691
60.3062584400177,6900
60.34544849395752,691
60.36300873756409,5012
60.46347904205322,691
60.463547229766846,691
60.46359705924988,691
60.51996898651123,11352
60.7778685092926,9796
62.30720663070679,691
62.30722713470459,5703
62.30731201171875,691
62.30733299255371,183896
62.460288524627686,2896
62.46470355987549,10977
62.468003273010254,7268
62.49938225746155,691
62.52252221107483,5764
62.5529944896698,691
62.58463978767395,5012
62.61680316925049,691
62.64163279533386,7460
62.671953439712524,691
62.70394778251648,4644
62.733309745788574,691
62.77125334739685,9908
62.79152703285217,691
62.860222816467285,691
62.884865045547485,8404
62.91641640663147,691
62.9380669593811,2004
62.97958040237427,691
63.00107550621033,4820
63.03182291984558,691
63.06587100028992,5572
63.09296464920044,691
63.12508583068848,3700
63.165218353271484,691
63.18314290046692,5572
63.2104926109314,691
63.24254298210144,3316
63.27315020561218,691
63.30560564994812,5204
63.33788824081421,691
63.36251091957092,6708
63.37710523605347,916
63.393486738204956,691
63.45302224159241,691
63.48557925224304,5956
63.51613187789917,691
63.544167041778564,2756
63.57694458961487,691
63.59995794296265,4068
63.63073492050171,691
63.66309356689453,7076
63.693328619003296,691
63.72205686569214,4452
63.752891540527344,691
63.787230253219604,5396
63.814791440963745,691
63.840543031692505,3892
63.8699893951416,691
63.90272808074951,5572
63.93303179740906,691
63.96529936790466,3700
63.99584197998047,691
64.06098175048828,691
64.08351826667786,7828
64.09440565109253,588
64.11429834365845,691
64.140389919281,5204
64.17160034179688,691
64.2063958644867,40549
64.237961769104,691
64.26748919487,5012
64.28437829017639,668
64.29867029190063,691
64.32328915596008,7268
64.35361742973328,691
64.38543486595154,6516
64.41637563705444,691
64.44211554527283,5204
64.47472882270813,691
64.50109791755676,7076
64.53127837181091,691
64.56332540512085,5012
64.60335493087769,691
64.65562462806702,691
64.68017363548279,10084
64.71215105056763,691
64.74512982368469,5396
64.78091716766357,691
64.81403303146362,7652
64.83852195739746,691
64.86400604248047,5012
64.87465333938599,668
64.90572094917297,691
64.92419123649597,8964
64.9538779258728,691
64.98678588867188,5012
65.0172393321991,691
65.04195213317871,8020
65.07129335403442,691
65.11996841430664,4260
65.13450312614441,691
65.15967726707458,11781
65.19063925743103,691
65.2561182975769,691
65.27925372123718,11413
65.32012891769409,691
65.34150242805481,2756
65.37530279159546,691
65.40183877944946,5764
65.41955709457397,1420
65.43158149719238,691
65.4644501209259,7268
65.49711513519287,691
65.52231216430664,4644
65.5526123046875,691
65.58444619178772,7076
65.62847566604614,691
65.64247965812683,4260
65.67306208610535,691
65.70576643943787,6148
65.73447012901306,691
65.76805996894836,4068
65.79816913604736,691
65.8594069480896,691
65.88191270828247,7652
65.91246485710144,691
65.9420919418335,3508
65.97630333900452,691
66.00145626068115,5012
66.04083251953125,691
66.06307125091553,6708
66.09232592582703,691
66.13848233222961,4452
66.15491604804993,691
66.19022011756897,40165
66.21174693107605,691
66.24481701850891,3508
66.27616333961487,691
66.30254483222961,5012
66.34750843048096,691
66.35946536064148,6516
66.40081667900085,691
66.45216655731201,691
66.48383617401123,7652
66.5146484375,691
66.54361724853516,4452
66.55462646484375,108
66.57373380661011,691
66.60072183609009,6148
66.6321291923523,691
66.6641674041748,4260
66.6951014995575,691
66.72116208076477,5012
66.75129914283752,691
66.79104804992676,8580
66.81311988830566,691
66.84527039527893,5764
66.87548899650574,691
66.8989098072052,5956
66.93941831588745,691
66.96119809150696,4452
66.9913923740387,691
67.05305576324463,691
67.08471918106079,8404
67.11822605133057,691
67.1426477432251,5012
67.15497660636902,668
67.17222833633423,691
67.20427179336548,6516
67.23444509506226,691
67.25996804237366,4068
67.29175615310669,691
67.32384848594666,5572
67.35410141944885,691
67.3800733089447,4068
67.41997361183167,691
67.4418396949768,6516
67.47214007377625,691
67.50468230247498,3700
67.51354312896729,691
67.56598687171936,5204
67.57924056053162,691
67.64149761199951,691
67.68412828445435,8772
67.69473457336426,691
67.74142456054688,4452
67.77929377555847,691
67.79886937141418,6900
67.81901526451111,691
67.86131072044373,5572
67.87722992897034,691
67.92329573631287,4644
67.93350124359131,691
67.98176646232605,6900
67.99893760681152,691
68.04241418838501,5572
68.05248165130615,691
68.10422348976135,4260
68.11487007141113,691
68.16505742073059,29768
68.2415382862091,691
68.2856228351593,6900
68.29540157318115,691
68.34815573692322,5204
68.35843825340271,691
68.40075445175171,6516
68.41172790527344,691
68.46417260169983,4644
68.4741780757904,691
68.52045178413391,6148
68.53148794174194,691
68.59881472587585,4452
68.599036693573,691
68.60458111763,691
68.64088988304138,7268
68.6523129940033,691
68.7051899433136,8212
68.71643829345703,691
68.76704406738281,6516
68.77583456039429,691
68.83355617523193,691
68.8856749534607,7268
68.89701914787292,691
68.94208717346191,3508
68.95387053489685,691
69.00348353385925,4452
69.02028512954712,691
69.06418991088867,6516
69.07421851158142,691
69.12120747566223,4644
69.13164973258972,691
69.18438196182251,6148
69.19335770606995,691
69.245281457901,4068
69.25574541091919,691
69.30058097839355,4820
69.31990933418274,691
69.36264872550964,5764
69.37262058258057,691
69.43488383293152,691
69.48382520675659,9908
69.49402403831482,691
69.53843426704407,6324
69.5611321926117,691
69.60131168365479,4820
69.61329960823059,691
69.66486382484436,6708
69.67418217658997,691
69.72818970680237,5956
69.73917770385742,691
69.78125548362732,4820
69.80044198036194,691
69.84292340278625,8212
69.85294270515442,691
69.90582323074341,7268
69.91987872123718,691
69.96236801147461,7076
69.97232365608215,691
70.03522849082947,691
70.08139324188232,8580
70.10001802444458,691
70.14184713363647,5572
70.16243863105774,691
70.20730781555176,45752
70.26462030410767,7460
70.2760169506073,691
70.33665156364441,10084
70.33689141273499,1396
70.33691501617432,691
70.380606174469,6900
70.39984226226807,691
70.45000433921814,7268
70.45256352424622,691
70.50681686401367,5204
70.5155987739563,691
70.56176495552063,6324
70.57238578796387,691
70.64441847801208,691
70.67903900146484,4820
70.7017343044281,691
70.74540996551514,5572
70.7606770992279,691
70.8035957813263,8404
70.81380724906921,691
70.8606014251709,6148
70.88065385818481,691
70.92254781723022,4644
70.93266034126282,691
70.98447561264038,5764
70.99781012535095,691
71.0405285358429,6900
71.05491518974304,1108
71.06088352203369,691
71.10296630859375,5396
71.12240839004517,691
71.16559028625488,8212
71.17677116394043,691
71.23829460144043,691
71.28116703033447,8964
71.30247783660889,691
71.34254384040833,5764
71.3547568321228,1420
71.35489702224731,691
71.40356349945068,7460
71.41327667236328,691
71.46577453613281,4452
71.47503900527954,691
71.52148771286011,8212
71.54166531562805,691
71.58448624610901,6324
71.59456300735474,691
71.64267659187317,5012
71.67050814628601,691
71.70621967315674,6708
71.71663546562195,691
71.7714455127716,4260
71.77450966835022,1364
71.78044939041138,691
71.84250092506409,691
71.88448023796082,8772
71.89486813545227,691
71.94813346862793,5396
71.97378611564636,691
72.00302004814148,6708
72.01381826400757,691
72.06342458724976,5764
72.07886409759521,691
72.1258294582367,7652
72.13499808311462,691
72.18940687179565,26821
72.20020127296448,691
72.24736404418945,7828
72.25517725944519,691
72.30002117156982,6708
72.31926441192627,691
72.36133193969727,4260
72.38135552406311,691
72.44341206550598,691
72.48685026168823,9332
72.49774837493896,691
72.54396772384644,5204
72.55762386322021,691
72.60313129425049,6324
72.61353135108948,691
72.6613118648529,4452
72.68162870407104,691
72.7235894203186,5012
72.7336950302124,691
72.79437971115112,6900
72.79495787620544,691
72.84262943267822,5012
72.86343359947205,691
72.9064199924469,7268
72.91511607170105,691
72.96046161651611,4452
72.97447776794434,108
72.98101544380188,691
73.04348492622375,691
73.08674573898315,8020
73.09922313690186,691
73.14609265327454,4820
73.15644788742065,691
73.20015382766724,6516
73.22054243087769,691
73.26259255409241,5396
73.27451729774475,1052
73.28188610076904,691
73.32461094856262,6148
73.33509659767151,691
73.38961720466614,9716
73.39980936050415,691
73.442556142807,5956
73.4531638622284,691
73.50584578514099,7652
73.51566457748413,691
73.56057906150818,3892
73.58070850372314,691
73.64265823364258,691
73.68763780593872,13845
73.69877171516418,691
73.74487209320068,8212
73.75748658180237,691
73.80016660690308,5956
73.81448459625244,164
73.82068681716919,691
73.86312103271484,6708
73.87329840660095,691
73.92508316040039,3140
73.93558263778687,691
73.98273825645447,5764
74.00193858146667,691
74.04478669166565,9156
74.05693411827087,691
74.100914478302,5764
74.11338996887207,691
74.16844058036804,36920
74.24002504348755,691
74.28220009803772,3892
74.30385947227478,691
74.34404611587524,5012
74.35439395904541,691
74.40131044387817,6324
74.42174959182739,691
74.46331977844238,3316
74.47350454330444,691
74.53084540367126,5204
74.5359787940979,691
74.5805230140686,6324
74.6017324924469,691
74.64177203178406,4820
74.66125679016113,691
74.7071545124054,7076
74.71714782714844,691
74.7707998752594,5204
74.780757188797,691
74.84263134002686,691
74.8849184513092,9716
74.89521765708923,691
74.94260931015015,5204
74.96380162239075,691
74.99800515174866,7076
75.01758861541748,691
75.05952882766724,5572
75.07983374595642,691
75.12261319160461,6516
75.14467096328735,691
75.18632411956787,6900
75.19749188423157,691
75.25451302528381,6148
75.25484704971313,691
75.305832862854,3700
75.31543111801147,691
75.35904550552368,7268
75.38004565238953,691
75.45186495780945,691
75.48448395729065,10277
75.4960298538208,691
75.5394504070282,4820
75.5545392036438,476
75.56163620948792,691
75.60576725006104,8772
75.61615204811096,691
75.66322350502014,4644
75.68071579933167,691
75.72456049919128,11413
75.73471689224243,1277
75.74387454986572,691
75.78423142433167,3700
75.79391384124756,691
75.8396909236908,9908
75.86133933067322,691
75.9025502204895,5012
75.91454482078552,668
75.92348575592041,691
75.97038912773132,17287
77.94303441047668,202720
78.07675671577454,4344
78.0804853439331,14531
78.12217020988464,4452
78.14148926734924,691
78.19047164916992,37480
78.24037861824036,2756
78.2614061832428,691
78.30423021316528,4260
78.31472396850586,1364
78.31477403640747,691
78.36207008361816,6516
78.38207125663757,691
78.44447731971741,691
78.48003888130188,6516
78.50109839439392,691
78.54274296760559,3892
78.56596636772156,691
78.60093379020691,5764
78.62699103355408,691
78.66859030723572,4644
78.67978286743164,691
78.69489979743958,691
78.73269534111023,5956
78.75988745689392,691
78.79418134689331,4260
78.80594086647034,691
79.04588556289673,6783
80.13644766807556,165526
80.28024744987488,6900
80.2999951839447,691
80.3428099155426,5396
80.36453175544739,691
80.41163206100464,7460
80.42384672164917,691
80.46491527557373,8580
80.47657680511475,691
80.52017140388489,5204
80.54088377952576,691
80.5832450389862,8580
80.60222482681274,691
80.64697599411011,4452
80.65722155570984,691
80.7060067653656,11413
80.71782183647156,691
80.79003977775574,5572
80.79202365875244,691
80.7948727607727,691
80.84547233581543,691
80.88102149963379,7828
80.8986406326294,691
80.94437289237976,4644
80.95602107048035,691
81.00107145309448,6148
81.0211534500122,691
81.06384515762329,3892
81.09339141845703,691
81.12334299087524,4452
81.14359760284424,691
81.19320750236511,7076
81.19804954528809,691
81.24539065361023,3700
81.25784468650818,883
81.29930663108826,7652
81.31836915016174,691
81.36070990562439,3892
81.39385223388672,691
81.4430365562439,691
81.5018949508667,9156
81.50225496292114,691
81.54171323776245,5396
81.56563138961792,691
81.60094785690308,7076
81.62144541740417,691
81.66409349441528,5396
81.68418550491333,691
81.73221850395203,8212
81.74211430549622,691
81.78420758247375,5396
81.79658436775208,1052
81.80423521995544,691
81.84317231178284,7076
81.86694979667664,691
81.90530347824097,5204
81.91597509384155,691
81.96440935134888,6900
81.98155903816223,691
82.0417058467865,691
82.08394837379456,7268
82.11247825622559,691
82.13994836807251,4644
82.16097235679626,691
82.21795916557312,34472
82.26122879981995,3700
82.2831678390503,691
82.32483506202698,5012
82.34579086303711,691
82.38514518737793,6516
82.4000334739685,691
82.4429886341095,5572
82.46316075325012,691
82.52294301986694,7460
82.5231261253357,691
82.56276273727417,5572
82.58273077011108,691
82.64504265785217,691
82.67886352539062,8580
82.69946050643921,691
82.74245738983154,4820
82.77012276649475,691
82.80315947532654,6324
82.82349944114685,691
82.86517763137817,3700
82.88598465919495,691
82.92879962921143,4644
82.93939709663391,691
82.98135781288147,8964
83.0016040802002,691
83.04806208610535,9332
83.05603551864624,691
83.10196161270142,7828
83.12177801132202,691
83.16404104232788,6324
83.18431043624878,691
83.2395555973053,691
83.28200244903564,7076
83.30722308158875,691
83.34255051612854,3140
83.36321878433228,691
83.40480589866638,4452
83.41448068618774,108
83.42418503761292,691
83.45867228507996,6324
83.47816967964172,691
83.52043962478638,3700
83.54048132896423,691
83.5828423500061,5764
83.60201573371887,691
83.65359163284302,3892
83.65464282035828,996
83.66406226158142,691
83.70043992996216,5204
83.72079014778137,691
83.76472902297974,7268
83.78247380256653,691
83.85912084579468,691
83.88707137107849,6148
83.89927124977112,691
83.95500493049622,2948
83.95514011383057,52
83.96137380599976,691
84.00336337089539,4260
84.02378559112549,691
84.06840658187866,5012
84.07642483711243,691
84.1307020187378,6900
84.14032077789307,691
84.18736386299133,39413
84.20371198654175,691
84.2450065612793,3700
84.27200889587402,804
84.27207684516907,691
84.30021476745605,5764
84.31987690925598,691
84.36448001861572,6708
84.38283205032349,691
84.4441704750061,691
84.48785281181335,6516
84.4994056224823,691
84.543297290802,6708
84.57028722763062,691
84.6002037525177,2948
84.62048697471619,691
84.67289328575134,4452
84.67453980445862,108
84.68500089645386,691
84.72249007225037,5396
84.74452114105225,691
84.79464387893677,9156
84.80691885948181,691
84.84595894813538,5012
84.85663270950317,691
84.90129446983337,6900
84.92123103141785,691
84.98196530342102,3508
84.98211622238159,612
84.98357701301575,691
85.04718947410583,691
85.08789610862732,9156
85.09765195846558,691
85.14179229736328,5396
85.16246819496155,691
85.20513343811035,8020
85.2252402305603,691
85.25768494606018,4068
85.28355479240417,691
85.32330465316772,6708
85.34360337257385,691
85.38818073272705,4452
85.40736484527588,691
85.44579553604126,7652
85.46509265899658,691
85.4986891746521,5396
85.51800060272217,691
85.56193113327026,8772
85.59156799316406,691
85.6444206237793,691
85.67932105064392,8964
85.69471263885498,276
85.70106601715088,691
85.74323344230652,5764
85.76586818695068,691
85.79888200759888,4452
85.81946349143982,691
85.8629162311554,5956
85.87452793121338,164
85.88100934028625,691
85.92327547073364,3892
85.94355773925781,691
85.98689770698547,5572
85.99787139892578,691
86.0426025390625,5956
86.06288862228394,691
86.10489749908447,5396
86.12611484527588,691
86.16328072547913,39176
86.24144172668457,691
86.28461122512817,12533
86.30500674247742,691
86.34156322479248,8020
86.3632824420929,691
86.40679216384888,12725
86.41818833351135,691
86.46104049682617,8772
86.48286938667297,691
86.52563309669495,6708
86.54531645774841,691
86.57783126831055,4452
86.59787011146545,691
86.64115452766418,7460
86.66114163398743,691
86.7043673992157,4644
86.71515202522278,300
86.72477102279663,691
86.76566624641418,6516
86.7874538898468,691
86.84501767158508,691
86.87971830368042,6900
86.89482426643372,1108
86.90025615692139,691
86.94217801094055,3316
86.96294641494751,691
87.00459170341492,4452
87.02526521682739,691
87.05916595458984,5764
87.07942485809326,691
87.12188792228699,7460
87.1438307762146,691
87.18637084960938,4068
87.2063934803009,691
87.24866700172424,5764
87.25777554512024,691
87.30154967308044,7460
87.32061195373535,691
87.36347985267639,5572
87.3836441040039,691
87.4449872970581,691
87.4880006313324,10084
87.4999737739563,691
87.54081916809082,4820
87.56141018867493,691
87.6035544872284,9524
87.62275290489197,691
87.66799926757812,5956
87.6779432296753,691
87.72718501091003,8580
87.73799753189087,691
87.78112077713013,3892
87.80047750473022,691
87.843186378479,7652
87.86328268051147,691
87.90516924858093,3700
87.92557001113892,691
87.96300196647644,8580
87.98220610618591,691
88.0438551902771,691
88.08639574050903,6516
88.10825419425964,691
88.1402850151062,2756
88.16122388839722,691
88.20651149749756,35845
88.22708940505981,691
88.26894617080688,3892
88.27827954292297,691
88.32078289985657,6900
88.34106254577637,691
88.38392186164856,6900
88.40274262428284,691
88.45448541641235,5572
88.46636366844177,691
88.50213408470154,3700
88.52245616912842,691
88.56485271453857,5396
88.58513474464417,691
88.63942193984985,691
88.68229150772095,9908
88.70273518562317,691
88.74491477012634,5204
88.77113890647888,691
88.80400919914246,8212
88.8238353729248,691
88.860586643219,5572
88.88088846206665,691
88.92324876785278,4644
88.94337058067322,691
88.98766541481018,6708
88.99897861480713,691
89.05100274085999,5396
89.06048727035522,691
89.10510683059692,7652
89.12219047546387,691
89.16480231285095,5764
89.1748559474945,1420
89.18559455871582,691
89.23869562149048,691
89.28390145301819,6516
89.3046555519104,691
89.3448417186737,4644
89.3694097995758,691
89.40069222450256,5956
89.42090201377869,691
89.46296262741089,4452
89.47463989257812,108
89.48248744010925,691
89.5247015953064,5204
89.54613018035889,691
89.5893976688385,10661
89.59917664527893,691
89.645094871521,4260
89.66557431221008,691
89.70962071418762,11221
89.7194938659668,691
89.7622618675232,4452
89.78362083435059,691
89.84595251083374,691
89.88057088851929,15733
89.90171003341675,691
89.944575548172,7828
89.96597647666931,691
89.99957728385925,4820
90.01978778839111,691
90.06752276420593,7268
90.07823085784912,691
90.12048840522766,4260
90.14119458198547,691
90.18868947029114,35784
90.24192261695862,3700
90.26252174377441,691
90.30663347244263,5764
90.31830048561096,691
90.36484551429749,8020
90.37478423118591,780
90.38508462905884,691
90.44558429718018,691
90.48049879074097,7828
90.50116729736328,883
90.54239177703857,3140
90.56476092338562,691
90.59998416900635,4260
90.61999678611755,691
90.66251277923584,5572
90.68536686897278,691
90.71960067749023,6900
90.7398087978363,691
90.78917789459229,4644
90.80266737937927,691
90.84490060806274,7460
90.86453986167908,691
90.90756011009216,5396
90.92756962776184,691
90.96010446548462,6516
90.9799256324768,691
91.04314947128296,691
91.085373878479,6708
91.10682225227356,691
91.14200019836426,4644
91.16273927688599,691
91.20519351959229,5764
91.22505974769592,691
91.26321578025818,8964
91.28293323516846,691
91.32485961914062,3700
91.34691309928894,691
91.38293504714966,6708
91.40216970443726,691
91.44387006759644,2388
91.46432828903198,691
91.50755858421326,5204
91.52706909179688,691
91.55936312675476,5204
91.57883501052856,691
91.6423192024231,691
91.67753481864929,13669
91.70916676521301,691
91.74113249778748,4068
91.76376438140869,691
91.80918526649475,7460
91.82667684555054,691
91.86256408691406,4068
91.8829836845398,691
91.92615151405334,8212
91.94487357139587,972
91.94575500488281,691
91.97906374931335,4820
92.00988674163818,691
92.0415985584259,8212
92.06149125099182,691
92.10854983329773,4260
92.11877202987671,691
92.16722679138184,47624
92.24744462966919,691
92.28170156478882,3892
92.30497860908508,691
92.34188485145569,7268
92.36307096481323,691
92.40540885925293,4260
92.42563033103943,691
92.46518015861511,6708
92.48526692390442,691
92.52296900749207,4644
92.54105591773987,691
92.58353400230408,7268
92.60276937484741,691
92.64630579948425,5204
92.66746664047241,691
92.70174431800842,7828
92.72715497016907,691
92.76594519615173,5204
92.78624248504639,691
92.84124898910522,691
92.88383650779724,11221
92.90508246421814,691
92.94097375869751,6324
92.9642026424408,691
93.00230073928833,5012
93.0226821899414,691
93.06484317779541,7076
93.08725261688232,691
93.12327885627747,5764
93.14371275901794,691
93.18586158752441,5012
93.20629954338074,691
93.24052238464355,6708
93.26038002967834,691
93.30148577690125,4452
93.32096672058105,691
93.36335611343384,5956
93.37456250190735,164
93.38368272781372,691
93.44578433036804,691
93.48913025856018,6900
93.5010461807251,691
93.54265022277832,2564
93.55485439300537,1116
93.5633955001831,691
93.60579323768616,7076
93.62533140182495,691
93.65928530693054,4260
93.67931771278381,691
93.72235488891602,9156
93.74522066116333,691
93.78038358688354,5396
93.79980230331421,691
93.84301209449768,8772
93.86298537254333,691
93.90470147132874,5572
93.92537045478821,691
93.96265459060669,7828
93.9825370311737,691
94.04388999938965,691
94.08666491508484,6516
94.10689425468445,691
94.14278197288513,4068
94.16351103782654,691
94.20774841308594,29461
94.2284529209137,691
94.26506543159485,2948
94.28617477416992,691
94.31883835792542,3892
94.34942102432251,691
94.38218307495117,5012
94.40147256851196,691
94.4437325000763,5956
94.46420407295227,691
94.50615239143372,3700
94.52677536010742,691
94.55887937545776,5204
94.57936716079712,691
94.64170026779175,691
94.68389129638672,7652
94.70940017700195,691
94.74796628952026,4452
94.77721500396729,691
94.81307935714722,5764
94.81948518753052,691
94.86232662200928,4820
94.88256931304932,691
94.92421317100525,6708
94.94422602653503,691
94.98243856430054,5572
95.00785183906555,691
95.04441142082214,6324
95.0636100769043,691
95.10605359077454,4068
95.1264295578003,691
95.16181516647339,6900
95.18429946899414,691
95.24524974822998,691
95.28363418579102,8964
95.31920456886292,691
95.34263277053833,5764
95.36463713645935,691
95.40017986297607,5956
95.42011666297913,691
95.4621114730835,4260
95.48237609863281,691
95.52975225448608,4644
95.54755306243896,883
95.58088517189026,5764
95.60015892982483,691
95.6425952911377,3700
95.66274929046631,691
95.70496606826782,5956
95.72531938552856,691
95.75993776321411,2756
95.78081369400024,691
95.8408432006836,691
95.88502645492554,6708
95.90675139427185,691
95.93973636627197,2564
95.96040439605713,691
96.0039267539978,4068
96.02367687225342,691
96.06621241569519,6148
96.08539628982544,691
96.11995387077332,2756
96.1348557472229,1308
96.14059042930603,691
96.18513131141663,32645
96.20254445075989,691
96.24448871612549,3700
96.26528310775757,691
96.30373668670654,7076
96.32413697242737,691
96.36586046218872,4452
96.3865168094635,691
96.44823241233826,691
96.48129510879517,7652
96.50316023826599,691
96.54575705528259,4260
96.56878399848938,691
96.60238194465637,5572
96.62246704101562,691
96.66764283180237,7652
96.68765354156494,691
96.72270154953003,5572
96.74241852760315,691
96.7914686203003,9332
96.8038318157196,691
96.84604597091675,6900
96.86611318588257,691
96.903151512146,5764
96.92516136169434,691
96.96487808227539,7828
96.98720836639404,691
97.05404019355774,691
97.08490133285522,7828
97.10509300231934,691
97.14068579673767,3700
97.16295742988586,691
97.20373606681824,5204
97.22388648986816,691
97.26691150665283,6516
97.28695321083069,691
97.3203797340393,4068
97.34102416038513,691
97.38360404968262,6900
97.40275764465332,691
97.44430160522461,4260
97.46778345108032,691
97.50624299049377,6708
97.5262668132782,691
97.5614287853241,4452
97.57589769363403,108
97.58038115501404,691
97.64590716362,691
97.68847012519836,8020
97.70171523094177,691
97.74163365364075,4260
97.76467061042786,691
97.8026614189148,6324
97.82204675674438,691
97.86438655853271,4068
97.87923121452332,1172
97.88462018966675,691
97.92016887664795,6516
97.9403669834137,691
97.98225665092468,4068
98.0014283657074,691
98.04326629638672,6708
98.0644702911377,691
98.09880304336548,7268
98.12194442749023,691
98.1697850227356,47816
98.24570894241333,691
98.28564262390137,9156
98.30488109588623,691
98.34052729606628,5956
98.36236500740051,691
98.40350461006165,4644
98.42372965812683,691
98.46619296073914,5764
98.48516178131104,691
98.5201940536499,4644
98.54036164283752,691
98.58288335800171,7460
98.5948474407196,220
98.6022367477417,691
98.64488625526428,6324
98.66626119613647,691
98.69856262207031,4644
98.72848129272461,691
98.77161693572998,9332
98.78080129623413,691
98.84265875816345,691
98.88485813140869,7076
98.90590929985046,691
98.94010925292969,2948
98.96095681190491,691
99.00520730018616,4260
99.02301073074341,691
99.06843256950378,5764
99.08809208869934,691
99.12676501274109,3700
99.14269804954529,691
99.18450093269348,5764
99.21063590049744,691
99.24818563461304,3316
99.26847887039185,691
99.31435632705688,5764
99.31494975090027,1420
99.32103037834167,691
99.36749482154846,4820
99.38862895965576,691
99.45081377029419,691
99.48659086227417,13477
99.50441002845764,691
99.54056811332703,6900
99.56322383880615,691
99.6059820652008,11973
99.62696957588196,691
99.66108536720276,5204
99.68164539337158,691
99.72514939308167,18357
99.74579548835754,691
99.78023529052734,4820
99.80054783821106,691
99.84609699249268,19861
99.86670160293579,691
99.90409970283508,4820
99.92349529266357,691
99.96686124801636,17797
99.98966884613037,691
100.04128360748291,691
100.08412098884583,10469
100.10526061058044,691
100.14093089103699,4644
100.16135621070862,691
100.20612978935242,33221
100.22724795341492,691
100.26313018798828,3892
100.2821455001831,691
100.32577919960022,11589
100.33583736419678,5
100.34511876106262,691
100.38161396980286,5012
100.40075707435608,691
100.44610047340393,8580
100.46660780906677,691
100.50143837928772,3700
100.52174043655396,691
100.56384372711182,5764
100.58420181274414,691
100.64996886253357,691
100.6829845905304,9332
100.70398020744324,691
100.74783396720886,3316
100.77629327774048,691
100.80786538124084,5012
100.82772636413574,691
100.86045241355896,5572
100.88103652000427,691
100.92559719085693,8020
100.94528269767761,691
100.98320436477661,2948
101.00291657447815,691
