Time,Size,Label
0.05153465270996094,691,0
0.05162620544433594,1108,5
0.0925145149230957,4260,4
0.10753512382507324,691,0
0.11210298538208008,691,0
0.1334388256072998,7652,3
0.15972375869750977,691,0
0.21436667442321777,9524,5
0.21701359748840332,691,0
0.24190974235534668,8404,3
0.24397063255310059,691,0
0.26573824882507324,691,0
0.2723255157470703,691,0
0.2820308208465576,5762,4
0.3202548027038574,691,0
0.34131956100463867,691,0
0.3702714443206787,691,0
0.37598204612731934,8020,3
0.43578505516052246,691,0
0.47264623641967773,4644,4
0.48636507987976074,691,0
0.5303175449371338,691,0
0.5408368110656738,691,0
0.5413460731506348,3892,4
0.5437233448028564,8772,3
0.5818099975585938,691,0
0.6083228588104248,691,0
0.6142945289611816,5572,4
0.6562440395355225,691,0
0.6596572399139404,4820,4
0.6704716682434082,691,0
0.6743509769439697,691,0
0.686821699142456,8020,3
0.7048137187957764,5572,4
0.724097490310669,691,0
0.7989025115966797,826,5
0.8263933658599854,6324,3
0.8746576309204102,5204,4
0.8991250991821289,691,0
0.9222047328948975,4068,4
0.9429748058319092,691,0
0.9459221363067627,7460,3
0.9877934455871582,10277,5
0.9984297752380371,6900,3
1.013017177581787,691,0
1.0553960800170898,6900,3
1.0873394012451172,691,0
1.1134088039398193,691,0
1.1199965476989746,2756,5
1.1636710166931152,6900,3
1.167731761932373,691,0
1.1833465099334717,3140,4
1.206209659576416,691,0
1.2624547481536865,691,0
1.278130054473877,6900,3
1.3043575286865234,691,0
1.3298442363739014,691,0
1.3310470581054688,691,0
1.3371548652648926,691,0
1.411958932876587,6900,3
1.4132120609283447,5204,4
1.413933277130127,691,0
1.4773952960968018,691,0
1.5297865867614746,691,0
1.5729966163635254,7076,3
1.5921823978424072,4820,4
1.6024620532989502,691,0
1.623225450515747,6900,3
1.6670522689819336,691,0
1.709113597869873,4260,4
1.7190141677856445,9769,5
1.7207298278808594,691,0
1.758784532546997,8020,3
1.7925715446472168,4068,4
1.7948329448699951,691,0
1.8236274719238281,691,0
1.8450021743774414,691,0
1.852663278579712,691,0
1.8648018836975098,691,0
1.920206069946289,691,0
1.9605355262756348,691,0
1.9887943267822266,41109,6
2.0049936771392822,691,0
2.0137672424316406,6900,3
2.0228090286254883,4644,4
2.0357606410980225,691,0
2.078474283218384,3140,4
2.0871448516845703,691,0
2.15035343170166,691,0
2.153243064880371,8772,3
2.2045679092407227,7268,3
2.217319965362549,691,0
2.242814064025879,691,0
2.2429797649383545,4644,4
2.2466511726379395,7268,3
2.285177230834961,9332,5
2.3005287647247314,6324,3
2.325401782989502,691,0
2.339806079864502,691,0
2.4048361778259277,691,0
2.409052610397339,4260,4
2.413531541824341,691,0
2.4192588329315186,6148,3
2.4435017108917236,691,0
2.4470646381378174,691,0
2.4902961254119873,691,0
2.497389793395996,3508,4
2.4987945556640625,2756,5
2.5030386447906494,691,0
2.6548638343811035,6516,3
2.671773910522461,691,0
2.710963249206543,691,0
2.724728584289551,5572,4
2.7343673706054688,691,0
2.8019840717315674,6324,3
2.8071792125701904,691,0
2.8638925552368164,5956,3
2.8744072914123535,691,0
2.910761833190918,5012,4
2.943305492401123,691,0
3.019848585128784,5725,4
3.025625228881836,691,0
3.0344557762145996,691,0
3.0760040283203125,12533,5
3.1017906665802,691,0
3.1165051460266113,5012,4
3.128476142883301,691,0
3.1623549461364746,857,5
3.1657233238220215,736,5
3.1680891513824463,841,5
3.208266496658325,691,0
3.2245516777038574,6516,3
3.2395310401916504,1054,5
3.2498373985290527,5204,4
3.3861188888549805,691,0
3.3976964950561523,3892,4
3.404366970062256,7460,3
3.4554169178009033,691,0
3.481048345565796,4452,4
3.524183750152588,691,0
3.5408401489257812,691,0
3.5427427291870117,7460,3
3.5433669090270996,5204,4
3.599074363708496,691,0
3.6389033794403076,4260,4
3.6600852012634277,691,0
3.7257890701293945,691,0
3.7406697273254395,691,0
3.802384376525879,691,0
3.8066606521606445,5396,4
3.8101344108581543,691,0
3.836855888366699,691,0
3.868403911590576,7828,3
3.890920639038086,691,0
3.957611560821533,691,0
3.9972007274627686,691,0
4.017390012741089,691,0
4.017654657363892,6148,3
4.028640270233154,691,0
4.030515193939209,41109,6
4.034049034118652,691,0
4.047855615615845,691,0
4.096386671066284,691,0
4.150463104248047,691,0
4.187020778656006,691,0
4.2105419635772705,691,0
4.239057779312134,691,0
4.267901420593262,691,0
4.346360683441162,691,0
4.370055198669434,691,0
4.377536058425903,7268,3
4.447309494018555,691,0
4.488980293273926,691,0
4.501039505004883,691,0
4.513053894042969,691,0
4.539822578430176,691,0
4.551889657974243,7076,3
4.597244501113892,691,0
4.6268298625946045,691,0
4.68066668510437,691,0
4.748678922653198,691,0
4.80722975730896,691,0
4.814870834350586,6148,3
4.84853196144104,691,0
4.886745929718018,691,0
4.931651592254639,691,0
5.12015438079834,691,0
5.142985582351685,7460,3
5.173751592636108,691,0
5.235886812210083,691,0
5.255872964859009,691,0
5.300994157791138,691,0
5.3589136600494385,3892,4
5.372870206832886,691,0
5.385681867599487,691,0
5.435411214828491,4260,4
5.448452711105347,6735,3
5.458355188369751,691,0
5.4761388301849365,691,0
5.530379772186279,691,0
5.579090118408203,4452,4
5.582123517990112,691,0
5.594449758529663,962,5
5.599886417388916,7076,3
5.622132062911987,691,0
5.641540288925171,691,0
5.645167589187622,691,0
5.722408771514893,691,0
5.738399505615234,6900,3
5.790053367614746,691,0
5.838419675827026,691,0
5.848299026489258,5012,4
5.887341022491455,691,0
5.920995473861694,6148,3
5.929776906967163,4452,4
5.942018270492554,691,0
6.018200874328613,691,0
6.019193649291992,691,0
6.048527479171753,7076,3
6.056454181671143,5572,4
6.063913106918335,691,0
6.121980905532837,691,0
6.176624774932861,691,0
6.179823637008667,691,0
6.2375946044921875,691,0
6.247302293777466,4452,4
6.2592644691467285,691,0
6.412709712982178,691,0
6.422088384628296,5204,4
6.4846203327178955,691,0
6.54640531539917,691,0
6.564316749572754,5396,4
6.596058368682861,691,0
6.620272874832153,7652,3
6.647019147872925,691,0
6.66011643409729,2948,5
6.6619484424591064,1116,5
6.721334457397461,691,0
6.745609998703003,5012,4
6.750938653945923,691,0
6.753227472305298,691,0
6.775844573974609,6148,3
6.883184194564819,5012,4
7.053321599960327,11413,5
7.070762872695923,3508,4
7.128711700439453,3700,4
7.195965051651001,6771,3
7.224731683731079,15925,5
7.297128915786743,3700,4
7.301754474639893,6759,3
7.413944244384766,7652,3
7.463977813720703,6148,3
7.479784727096558,4260,4
7.6024329662323,6516,3
7.634893178939819,4452,4
7.716777801513672,6900,3
7.729079008102417,4644,4
7.806861877441406,9908,5
7.823000192642212,7268,3
7.905304431915283,4068,4
7.943777084350586,1154,5
8.019988536834717,5012,4
8.047786712646484,57976,6
8.093096733093262,1333,5
8.140684127807617,7076,3
8.167086601257324,1420,5
8.247921705245972,691,0
8.252790451049805,5204,4
8.29137110710144,691,0
8.298351049423218,1137,5
8.367808103561401,691,0
8.391627311706543,691,0
8.407841205596924,5396,4
8.457976818084717,691,0
8.469544172286987,4452,4
8.479630708694458,691,0
8.505409717559814,8772,3
8.546469926834106,691,0
8.56776213645935,691,0
8.602415323257446,691,0
8.625318765640259,4068,4
8.64402437210083,11221,5
8.650577306747437,691,0
8.684139966964722,6324,3
8.701344966888428,691,0
8.73711085319519,691,0
8.756091356277466,10837,5
8.757501125335693,691,0
8.784293174743652,691,0
8.801517009735107,10469,5
8.832305431365967,691,0
8.853472709655762,691,0
8.86730408668518,691,0
8.886500120162964,691,0
8.908508777618408,691,0
8.908620357513428,6900,3
8.932903051376343,11221,5
8.934417247772217,691,0
9.003251075744629,691,0
9.0043363571167,691,0
9.044976711273193,691,0
9.074218511581421,691,0
9.099017858505249,8964,5
9.132729053497314,691,0
9.153706550598145,691,0
9.157197952270508,1126,5
9.166375637054443,6746,3
9.203882694244385,691,0
9.215130805969238,7460,3
9.278684377670288,691,0
9.288838386535645,691,0
9.298496961593628,691,0
9.309406995773315,691,0
9.345645666122437,691,0
9.387082815170288,691,0
9.438408374786377,691,0
9.48046088218689,6148,3
9.488480806350708,691,0
9.51274847984314,691,0
9.553004026412964,1311,5
9.582643508911133,691,0
9.608229637145996,691,0
9.726608276367188,691,0
9.784737586975098,691,0
9.79771876335144,7076,3
9.810603857040405,691,0
9.861227750778198,691,0
9.925415277481079,8404,3
9.940865993499756,691,0
9.978309869766235,691,0
10.052576780319214,691,0
10.060325860977173,691,0
10.118391513824463,691,0
10.144639015197754,691,0
10.191363096237183,6769,3
10.193984031677246,691,0
10.231057167053223,691,0
10.245518922805786,8212,3
10.262078523635864,691,0
10.278032541275024,691,0
10.279101848602295,691,0
10.344744682312012,691,0
10.41675090789795,691,0
10.482483386993408,7076,3
10.497137784957886,691,0
10.528234243392944,691,0
10.537842035293579,6742,3
10.57640290260315,691,0
10.628996849060059,691,0
10.649407863616943,691,0
10.719958543777466,691,0
10.757920265197754,691,0
10.77578067779541,6516,3
10.793917655944824,691,0
10.847174882888794,691,0
10.853703260421753,8212,3
10.8800368309021,691,0
10.92754578590393,691,0
10.934785842895508,691,0
10.952600955963135,691,0
10.986066102981567,691,0
11.004750490188599,6900,3
11.041614294052124,691,0
11.09768033027649,691,0
11.148107767105103,691,0
11.197306394577026,691,0
11.198381900787354,691,0
11.257713794708252,691,0
11.310334920883179,691,0
11.33184266090393,691,0
11.343416690826416,7652,3
11.360605955123901,691,0
11.403605461120605,691,0
11.485649108886719,691,0
11.492486953735352,8772,3
11.555360078811646,691,0
11.573479890823364,4452,4
11.617652893066406,691,0
11.618630170822144,6900,3
11.66633939743042,691,0
11.666587114334106,691,0
11.72909688949585,691,0
11.75548768043518,5012,4
11.784743547439575,6516,3
11.813326358795166,691,0
11.832350254058838,691,0
11.835386514663696,691,0
11.88756537437439,691,0
11.894343137741089,2948,5
11.90089726448059,5396,4
11.910091400146484,691,0
11.921433925628662,6900,3
11.946061372756958,691,0
11.971843957901001,691,0
12.036405086517334,7460,3
12.04505729675293,691,0
12.05603837966919,5204,4
12.074974060058594,691,0
12.084299325942993,691,0
12.103475093841553,4068,4
12.142263412475586,691,0
12.144315719604492,6900,3
12.168389081954956,691,0
12.196140050888062,6717,3
12.207728862762451,691,0
12.243246078491211,691,0
12.262376070022583,691,0
12.290373086929321,5204,4
12.325401067733765,691,0
12.34921407699585,691,0
12.366452693939209,8404,3
12.38353967666626,5744,4
12.4008207321167,691,0
12.423211812973022,6761,3
12.478446960449219,4644,4
12.479819059371948,691,0
12.549757480621338,691,0
12.563516616821289,6516,3
12.594044208526611,691,0
12.640534162521362,691,0
12.658681392669678,691,0
12.697328090667725,691,0
12.754362344741821,691,0
12.769115686416626,5758,4
12.831929922103882,691,0
12.902594089508057,691,0
12.906253814697266,691,0
12.906322956085205,3316,4
12.956321001052856,691,0
13.011690378189087,691,0
13.023943901062012,691,0
13.030344724655151,6148,3
13.080286026000977,7652,3
13.080769538879395,691,0
13.090398073196411,4644,4
13.123949766159058,691,0
13.12905478477478,7828,3
13.14558458328247,691,0
13.204402208328247,691,0
13.273114204406738,5729,4
13.279405117034912,691,0
13.299914836883545,691,0
13.324040412902832,4068,4
13.347054958343506,691,0
13.375490427017212,691,0
13.381458282470703,691,0
13.412301301956177,691,0
13.450669765472412,7268,3
13.450779438018799,691,0
13.484848499298096,4452,4
13.493892431259155,691,0
13.523738145828247,7460,3
13.551860094070435,4820,4
13.559962511062622,691,0
13.641314029693604,691,0
13.707254648208618,691,0
13.707952976226807,691,0
13.739396095275879,691,0
13.751805782318115,8404,3
13.796520471572876,691,0
13.815270900726318,3892,4
13.865757942199707,691,0
13.869262456893921,7828,3
13.912929058074951,691,0
13.946508884429932,5572,4
13.98337697982788,7268,3
13.989015579223633,691,0
14.023313999176025,848,5
14.049801111221313,37480,2
14.056888580322266,691,0
14.059645175933838,691,0
14.063342094421387,1420,5
14.10761570930481,691,0
14.12293791770935,691,0
14.174453020095825,691,0
14.201295375823975,691,0
14.257009029388428,691,0
14.307992458343506,2948,5
14.326857566833496,691,0
14.38778018951416,691,0
14.404331922531128,691,0
14.440834283828735,691,0
14.493892431259155,691,0
14.536897420883179,691,0
14.575634717941284,7268,3
14.594613790512085,9762,5
14.712880849838257,691,0
14.71918773651123,9728,5
14.722692251205444,6900,3
14.871400594711304,7460,3
14.888384580612183,691,0
14.897068977355957,9524,5
14.909924507141113,691,0
14.910323858261108,691,0
14.925721168518066,776,5
14.980572700500488,691,0
15.03865671157837,691,0
15.076222896575928,691,0
15.093663692474365,6324,3
15.100000143051147,691,0
15.162257432937622,7268,3
15.171401023864746,691,0
15.218889713287354,691,0
15.23651385307312,9908,5
15.254419326782227,691,0
15.3066725730896,8212,3
15.317773580551147,691,0
15.347855567932129,691,0
15.423976182937622,691,0
15.425815105438232,6324,3
15.471876382827759,7268,3
15.499802589416504,5204,4
15.500404596328735,691,0
15.531461715698242,691,0
15.559160470962524,4068,4
15.577407121658325,691,0
15.638009071350098,691,0
15.645607233047485,202720,1
15.65792179107666,8772,3
15.69386601448059,691,0
15.752448797225952,691,0
15.799914360046387,10661,5
15.818775415420532,691,0
15.83931303024292,691,0
15.874368906021118,691,0
15.909545421600342,4644,4
15.937982082366943,691,0
15.93939995765686,691,0
15.954997777938843,691,0
15.979158163070679,691,0
15.987175464630127,341,5
16.03565001487732,691,0
16.042145490646362,13093,5
16.068542957305908,2948,5
16.069886445999146,691,0
16.096423387527466,5012,4
16.110204458236694,6900,3
16.13622736930847,691,0
16.195801973342896,691,0
16.261330366134644,691,0
16.264403581619263,691,0
16.269078969955444,8020,3
16.270243883132935,691,0
16.271503925323486,5012,4
16.27642297744751,691,0
16.312739849090576,691,0
16.31993818283081,691,0
16.328572034835815,691,0
16.35451602935791,691,0
16.39144730567932,691,0
16.39356303215027,5572,4
16.43523645401001,691,0
16.45922827720642,6148,3
16.500073194503784,691,0
16.536799430847168,6148,3
16.539638996124268,691,0
16.548439025878906,4644,4
16.559492826461792,691,0
16.640979766845703,691,0
16.705320119857788,7268,3
16.70955467224121,691,0
16.732693910598755,5204,4
16.76059317588806,691,0
16.830528020858765,691,0
16.839853048324585,5204,4
16.86979627609253,7460,3
16.894566297531128,4260,4
16.908243894577026,691,0
16.955989360809326,4260,4
16.96322989463806,691,0
16.9880154132843,6148,3
17.003847360610962,691,0
17.005151987075806,5012,4
17.065340757369995,4820,4
17.079346418380737,691,0
17.11399555206299,7268,3
17.15070629119873,691,0
17.22791862487793,4644,4
17.2303786277771,691,0
17.301177740097046,6900,3
17.31239128112793,691,0
17.329396963119507,691,0
17.375131607055664,6731,3
17.401668548583984,691,0
17.461763620376587,4644,4
17.470674514770508,691,0
17.54632258415222,691,0
17.557785749435425,6516,3
17.558394193649292,5572,4
17.616971969604492,691,0
17.634760856628418,7652,3
17.666873693466187,691,0
17.74461007118225,691,0
17.770041704177856,691,0
17.807923078536987,691,0
17.87731122970581,5760,4
17.880563020706177,691,0
17.92540216445923,691,0
17.93445086479187,5396,4
18.002779483795166,691,0
18.003449201583862,691,0
18.011948347091675,691,0
18.052419662475586,691,0
18.053300619125366,8212,3
18.067012071609497,691,0
18.08952307701111,4644,4
18.10145616531372,691,0
18.124496936798096,691,0
18.124563932418823,7652,3
18.159344911575317,3892,4
18.177660703659058,691,0
18.211997509002686,691,0
18.22434425354004,691,0
18.24238920211792,691,0
18.25024390220642,10837,5
18.28130793571472,2948,5
18.288520574569702,4644,4
18.30195665359497,691,0
18.312761783599854,6148,3
18.31584334373474,691,0
18.38019299507141,691,0
18.443342685699463,691,0
18.45145893096924,4820,4
18.48506498336792,8020,3
18.599724531173706,7460,3
18.609723806381226,691,0
18.62024450302124,3508,4
18.653056144714355,7828,3
18.66641640663147,691,0
18.70891523361206,4644,4
18.732890129089355,691,0
18.756441831588745,691,0
18.82440710067749,6324,3
18.826899528503418,691,0
18.844122171401978,4820,4
18.8756685256958,11352,5
18.881609201431274,691,0
18.914020538330078,4820,4
18.94729733467102,691,0
18.96557092666626,691,0
18.969138622283936,6148,3
18.980034351348877,5396,4
18.99788808822632,691,0
19.037915229797363,691,0
19.091020584106445,7652,3
19.096152305603027,691,0
19.156366109848022,691,0
19.209326028823853,6900,3
19.215654611587524,691,0
19.237367630004883,691,0
19.298877477645874,532,5
19.31622624397278,691,0
19.327343225479126,6324,3
19.38852834701538,691,0
19.463090658187866,691,0
19.510972023010254,691,0
19.588321208953857,691,0
19.61436104774475,691,0
19.629064083099365,691,0
19.650436639785767,691,0
19.65484929084778,7828,3
19.72938084602356,691,0
19.780017137527466,6775,3
19.800329208374023,691,0
19.84667730331421,5956,3
19.883150100708008,691,0
19.889461994171143,9524,5
19.949406385421753,691,0
19.96856999397278,150,5
20.031917572021484,6324,3
20.162850618362427,7460,3
20.35030746459961,6148,3
20.705554485321045,1110,5
20.82366371154785,7652,3
20.83799457550049,815,5
20.924648761749268,4260,4
21.00332474708557,6148,3
21.00544762611389,3700,4
21.02976679801941,8964,5
21.072964906692505,5755,4
21.090619325637817,9735,5
21.15495729446411,3892,4
21.17521357536316,691,0
21.228798151016235,5204,4
21.23239016532898,691,0
21.26189088821411,691,0
21.278180360794067,872,5
21.289894342422485,5956,3
21.29611563682556,5396,4
21.33043098449707,691,0
21.35228943824768,691,0
21.404614686965942,691,0
21.463387727737427,691,0
21.468244075775146,5735,4
21.535521984100342,691,0
21.539457321166992,4260,4
21.57207465171814,691,0
21.611406803131104,3700,4
21.647035121917725,691,0
21.67852473258972,4820,4
21.714524745941162,691,0
21.738049030303955,4452,4
21.789069414138794,691,0
21.809730052947998,691,0
21.843517780303955,7460,3
21.88872241973877,691,0
21.906375885009766,691,0
21.95186948776245,691,0
22.020320177078247,8020,3
22.02818989753723,4260,4
22.030100107192993,691,0
22.078895330429077,691,0
22.149561882019043,691,0
22.16270899772644,691,0
22.20054531097412,691,0
22.206690788269043,4820,4
22.225489139556885,11352,5
22.258638620376587,691,0
22.29837679862976,6148,3
22.330435276031494,691,0
22.343392610549927,691,0
22.379708528518677,691,0
22.389800786972046,4644,4
22.435551643371582,691,0
22.442306995391846,5756,4
22.51436138153076,691,0
22.521150827407837,691,0
22.543349266052246,691,0
22.597228288650513,691,0
22.60139226913452,5012,4
22.602532148361206,691,0
22.61236810684204,554,5
22.61377453804016,11973,5
22.620192289352417,691,0
22.64318037033081,691,0
22.6672101020813,691,0
22.70548677444458,691,0
22.7136709690094,691,0
22.758033514022827,4068,4
22.7767391204834,5956,3
22.784597635269165,691,0
22.787407875061035,691,0
22.80680513381958,228,5
22.838784217834473,7076,3
22.841264247894287,691,0
22.861365795135498,691,0
22.93458890914917,691,0
23.006903886795044,691,0
23.016417026519775,4644,4
23.02345609664917,6781,3
23.067031145095825,5012,4
23.119116067886353,691,0
23.200322151184082,691,0
23.21723246574402,3892,4
23.221303701400757,691,0
23.23710346221924,691,0
23.239582538604736,691,0
23.299968242645264,691,0
23.311355113983154,6516,3
23.332337617874146,691,0
23.388898611068726,691,0
23.41976046562195,691,0
23.4216570854187,691,0
23.464055061340332,1147,5
23.468373775482178,2896,5
23.48335289955139,6721,3
23.49283266067505,691,0
23.504317045211792,691,0
23.566832542419434,691,0
23.58045220375061,1420,5
23.591853618621826,691,0
23.642685890197754,691,0
23.647332668304443,691,0
23.662636041641235,691,0
23.68638849258423,8964,5
23.699326753616333,691,0
23.701643228530884,4644,4
23.747556924819946,691,0
23.754355430603027,4068,4
23.787676095962524,691,0
23.836846113204956,3892,4
23.85521173477173,691,0
23.883987188339233,1135,5
23.908345699310303,691,0
23.941161155700684,5956,3
23.957966804504395,4452,4
23.973667860031128,691,0
23.996112823486328,691,0
24.00912880897522,691,0
24.06593108177185,32277,2
24.074409246444702,691,0
24.079421997070312,6324,3
24.09736680984497,691,0
24.104739665985107,691,0
24.110856294631958,691,0
24.11552596092224,5572,4
24.164692878723145,691,0
24.193103313446045,3316,4
24.200320720672607,691,0
24.20965003967285,691,0
24.282557249069214,691,0
24.291773557662964,691,0
24.298638820648193,691,0
24.332295656204224,691,0
24.34172511100769,691,0
24.389419555664062,691,0
24.425649642944336,5396,4
24.426844358444214,691,0
24.438194751739502,7268,3
24.48565149307251,691,0
24.510464668273926,691,0
24.523769855499268,11973,5
24.544996738433838,4260,4
24.565297603607178,8020,3
24.593348741531372,691,0
24.635730743408203,6148,3
24.639775037765503,2564,5
24.662156581878662,691,0
24.729949712753296,691,0
24.76533603668213,691,0
24.778630256652832,691,0
24.78201699256897,3508,4
24.817089557647705,7076,3
24.822972059249878,691,0
24.8507182598114,691,0
24.90240216255188,3316,4
24.910396099090576,691,0
24.92184591293335,691,0
24.99148440361023,691,0
25.007872104644775,10837,5
25.01527237892151,4820,4
25.03148865699768,691,0
25.05222177505493,691,0
25.0667245388031,691,0
25.085044145584106,691,0
25.104978322982788,4452,4
25.16238284111023,691,0
25.18345880508423,6148,3
25.22939944267273,4068,4
25.284668684005737,691,0
25.333388090133667,691,0
25.36595129966736,691,0
25.36788296699524,6324,3
25.37975263595581,691,0
25.389038562774658,691,0
25.39953875541687,5708,4
25.445016145706177,691,0
25.449018955230713,691,0
25.457067728042603,3700,4
25.515578508377075,691,0
25.536992073059082,6900,3
25.586717128753662,691,0
25.603155851364136,3316,4
25.629955530166626,691,0
25.666723012924194,691,0
25.715913772583008,6900,3
25.717729091644287,691,0
25.76643204689026,7828,3
25.776479959487915,691,0
25.858721256256104,691,0
25.89310383796692,4068,4
25.90586018562317,6900,3
26.02319049835205,4260,4
26.023991584777832,7460,3
26.04748249053955,691,0
26.066121816635132,691,0
26.07820463180542,8404,3
26.08430552482605,32645,2
26.11372399330139,691,0
26.140376806259155,691,0
26.212878704071045,7460,3
26.214534997940063,691,0
26.2921142578125,691,0
26.328354597091675,6900,3
26.36881422996521,691,0
26.387192010879517,691,0
26.400746822357178,7652,3
26.414401054382324,691,0
26.422441959381104,691,0
26.428144931793213,691,0
26.442406177520752,691,0
26.464159727096558,691,0
26.46798014640808,691,0
26.47243046760559,6709,3
26.472651958465576,691,0
26.477622985839844,5012,4
26.51340913772583,691,0
26.553901433944702,691,0
26.57139229774475,691,0
26.607564210891724,6148,3
26.642513036727905,691,0
26.643982410430908,691,0
26.64913821220398,4452,4
26.71563959121704,691,0
26.765629291534424,6900,3
26.766209840774536,691,0
26.792454719543457,3140,4
26.80016040802002,691,0
26.821778774261475,691,0
26.87899160385132,691,0
26.89979910850525,6735,3
26.918137788772583,3140,4
26.93984293937683,691,0
26.99603533744812,691,0
27.047401666641235,691,0
27.058990478515625,691,0
27.08863115310669,7460,3
27.115575551986694,691,0
27.142210006713867,3316,4
27.154165744781494,691,0
27.16216731071472,691,0
27.22693181037903,7268,3
27.2351815700531,4068,4
27.261653184890747,8964,5
27.33403515815735,41,5
27.342710256576538,7268,3
27.491833209991455,7268,3
27.51102590560913,137,5
27.52377939224243,3508,4
27.627659797668457,6148,3
27.70452570915222,15528,5
27.71043372154236,4260,4
27.73785924911499,10277,5
27.775507926940918,6900,3
27.77660870552063,5012,4
27.885524034500122,7268,3
27.909645318984985,11221,5
27.925377368927002,5012,4
28.05941152572632,6737,3
28.060571908950806,5204,4
28.17948865890503,6900,3
28.191786289215088,4068,4
28.274658918380737,5204,4
28.356088638305664,4820,4
28.396984815597534,144,5
28.456903219223022,7652,3
28.50304388999939,6148,3
28.527258157730103,4260,4
28.609544038772583,6324,3
28.634154796600342,5396,4
28.690338850021362,4820,4
28.726447343826294,6516,3
28.787468910217285,4644,4
28.844331741333008,12533,5
28.884987592697144,6324,3
28.933104753494263,4068,4
29.006027698516846,691,0
29.007110118865967,9908,5
29.01341485977173,691,0
29.019984245300293,691,0
29.04424476623535,691,0
29.06718945503235,7828,3
29.095887660980225,691,0
29.145129680633545,691,0
29.16814398765564,691,0
29.168569087982178,18357,5
29.195351362228394,691,0
29.225232124328613,691,0
29.245070934295654,5572,4
29.28966784477234,691,0
29.366857290267944,691,0
29.38435196876526,6516,3
29.40213632583618,691,0
29.428523302078247,7652,3
29.451266765594482,691,0
29.477391719818115,691,0
29.50564694404602,691,0
29.52036452293396,1420,5
29.521002054214478,691,0
29.52339506149292,4644,4
29.557762384414673,691,0
29.57569408416748,6900,3
29.638741731643677,691,0
29.66816735267639,691,0
29.674755811691284,691,0
29.684139490127563,5732,4
29.7089900970459,691,0
29.789761066436768,691,0
29.837252140045166,5956,3
29.870043516159058,691,0
29.88954496383667,6516,3
29.890034437179565,691,0
29.90988254547119,691,0
29.95612931251526,8212,3
29.963334798812866,691,0
30.008052110671997,45752,6
30.04163122177124,691,0
30.096872091293335,691,0
30.12338900566101,691,0
30.140960216522217,4452,4
30.154181718826294,691,0
30.18447256088257,3140,4
30.235153198242188,691,0
30.284226894378662,691,0
30.307725429534912,2948,5
30.315204620361328,8212,3
30.363507747650146,691,0
30.369388580322266,691,0
30.377474069595337,691,0
30.401299953460693,5012,4
30.40739130973816,691,0
30.53903317451477,4068,4
30.579325437545776,6900,3
30.592113733291626,691,0
30.6183443069458,691,0
30.643078804016113,691,0
30.666240453720093,691,0
30.678041219711304,691,0
30.69083523750305,691,0
30.70199227333069,4068,4
30.709070205688477,691,0
30.737051010131836,691,0
30.74973487854004,5726,4
30.766075611114502,691,0
30.80705976486206,691,0
30.81480097770691,691,0
30.825466871261597,6516,3
30.868387460708618,691,0
30.889402151107788,5572,4
30.938994646072388,627,5
30.948169469833374,691,0
31.005515813827515,15733,5
31.00964093208313,3316,4
31.010056734085083,691,0
31.065648794174194,691,0
31.102017402648926,691,0
31.122896671295166,691,0
31.124427556991577,691,0
31.153052806854248,691,0
31.16388177871704,3892,4
31.184985160827637,6324,3
31.22835922241211,691,0
31.232372999191284,691,0
31.25946879386902,5012,4
31.259855031967163,691,0
31.28146505355835,195091,1
31.311294555664062,691,0
31.341320514678955,5956,3
31.371201992034912,691,0
31.40714454650879,691,0
31.421143770217896,691,0
31.43734049797058,691,0
31.50944757461548,691,0
31.53288197517395,7268,3
31.55764412879944,5396,4
31.570542812347412,691,0
31.610191822052002,6324,3
31.646422386169434,691,0
31.675029277801514,691,0
31.691121816635132,691,0
31.73350214958191,4820,4
31.73787260055542,691,0
31.74372887611389,7652,3
31.769315004348755,691,0
31.824254989624023,691,0
31.825706481933594,5572,4
31.85204839706421,691,0
31.916931867599487,691,0
31.956557035446167,262,5
31.960156202316284,5759,4
31.979614734649658,691,0
31.993293285369873,48261,6
32.05657625198364,691,0
32.05756497383118,5956,3
32.06258273124695,691,0
32.06573939323425,691,0
32.115020751953125,691,0
32.12277030944824,2756,5
32.17580699920654,691,0
32.181652784347534,7652,3
32.19240975379944,691,0
32.19863796234131,8964,5
32.200143337249756,9761,5
32.24325394630432,4260,4
32.24436068534851,691,0
32.28780698776245,691,0
32.30010366439819,691,0
32.33911728858948,691,0
32.40973234176636,691,0
32.466861963272095,6148,3
32.47393250465393,691,0
32.590481758117676,6900,3
32.60375785827637,691,0
32.67301845550537,691,0
32.709707736968994,4644,4
32.726388931274414,691,0
32.79579186439514,691,0
32.825088024139404,4452,4
32.8403537273407,691,0
32.84737157821655,6900,3
32.86570072174072,691,0
32.9117374420166,691,0
32.96186900138855,4644,4
32.96765851974487,691,0
32.97082304954529,6516,3
33.04737901687622,691,0
33.071892499923706,1390,5
33.11132550239563,5740,4
33.11264085769653,691,0
33.18231964111328,10277,5
33.18251276016235,691,0
33.24372744560242,691,0
33.26213574409485,5012,4
33.29957866668701,691,0
33.33688712120056,5730,4
33.36046576499939,691,0
33.40480923652649,691,0
33.47070503234863,691,0
33.475136518478394,183896,1
33.51945614814758,691,0
33.523662090301514,150,5
33.5836501121521,5747,4
33.62617754936218,7268,3
33.67434597015381,6148,3
33.70354223251343,691,0
33.773531436920166,4644,4
33.776594161987305,691,0
33.80367612838745,691,0
33.87487316131592,691,0
33.920801639556885,691,0
33.976346254348755,6324,3
33.97672891616821,48261,6
33.99853491783142,691,0
34.05432415008545,691,0
34.11432242393494,5956,3
34.11550688743591,691,0
34.15814781188965,7460,3
34.19607162475586,4644,4
34.275545597076416,1338,5
34.28174376487732,691,0
34.296658515930176,6516,3
34.30141592025757,691,0
34.305235385894775,691,0
34.33506965637207,5396,4
34.33809518814087,691,0
34.3526725769043,15515,5
34.3595917224884,6900,3
34.40591287612915,691,0
34.40821576118469,691,0
34.41656804084778,691,0
34.42457175254822,10469,5
34.441651344299316,691,0
34.46233892440796,4644,4
34.485410928726196,5956,3
34.52340292930603,691,0
34.52879595756531,691,0
34.547215938568115,691,0
34.559067249298096,691,0
34.622220516204834,3316,4
34.635440826416016,6516,3
34.6392126083374,691,0
34.663570165634155,8964,5
34.67775917053223,691,0
34.707791805267334,4820,4
34.7110161781311,8020,3
34.79939126968384,3700,4
34.8412389755249,691,0
34.874213218688965,7268,3
34.91204571723938,691,0
34.922845125198364,691,0
34.930914640426636,691,0
34.93529772758484,4068,4
34.95796060562134,691,0
34.984057664871216,5396,4
35.00877785682678,691,0
35.01814913749695,8020,3
35.02778100967407,691,0
35.08732557296753,691,0
35.151541233062744,3892,4
35.16719150543213,6516,3
35.27434158325195,691,0
35.29138803482056,6709,3
35.32137608528137,5396,4
35.336140871047974,7652,3
35.34918141365051,691,0
35.39395475387573,691,0
35.4001100063324,4260,4
35.44350266456604,691,0
35.50673031806946,7076,3
35.50856304168701,691,0
35.51061677932739,691,0
35.563891649246216,691,0
35.57639527320862,691,0
35.58275866508484,5715,4
35.64488077163696,691,0
35.661473512649536,691,0
35.666748046875,7268,3
35.669909954071045,691,0
35.7270348072052,691,0
35.727954626083374,7828,3
35.779566526412964,5956,3
35.79632592201233,691,0
35.835939168930054,691,0
35.85322046279907,5204,4
35.91840934753418,691,0
35.918636083602905,5204,4
35.958545446395874,47624,6
35.96837568283081,691,0
35.97167181968689,691,0
35.978872776031494,5745,4
36.001965284347534,9156,5
36.01803493499756,6324,3
36.04086136817932,691,0
36.10047101974487,38792,2
36.11300230026245,691,0
36.132869482040405,17797,5
36.171470403671265,691,0
36.22747874259949,691,0
36.2387809753418,6900,3
36.26190376281738,691,0
36.26436161994934,4820,4
36.34038734436035,691,0
36.38940167427063,691,0
36.405664920806885,5012,4
36.45345640182495,691,0
36.49376654624939,6900,3
36.532384157180786,691,0
36.580079317092896,691,0
36.62093234062195,6148,3
36.715108156204224,691,0
36.76555299758911,3140,4
36.786128282547,691,0
36.8031644821167,5956,3
36.80583429336548,691,0
36.86077404022217,691,0
36.87308955192566,5204,4
36.909178495407104,9332,5
36.96412110328674,6900,3
37.01682996749878,691,0
37.06030607223511,4644,4
37.08549523353577,691,0
37.08904147148132,166,5
37.1070990562439,691,0
37.13464069366455,4452,4
37.14652442932129,7076,3
37.14677047729492,691,0
37.18503379821777,691,0
37.210389137268066,5204,4
37.26684284210205,691,0
37.27348184585571,691,0
37.32285785675049,4260,4
37.335161209106445,8020,3
37.35670733451843,691,0
37.37925982475281,691,0
37.38054013252258,691,0
37.3853657245636,691,0
37.399364709854126,5572,4
37.426342487335205,691,0
37.46178412437439,4820,4
37.48712110519409,691,0
37.521506786346436,7268,3
37.53182911872864,691,0
37.580758571624756,691,0
37.60313177108765,3508,4
37.64068150520325,712,5
37.6598904132843,691,0
37.66399645805359,7268,3
37.71189093589783,7828,3
37.71908617019653,5396,4
37.7285099029541,691,0
37.7734956741333,1420,5
37.78325939178467,8404,3
37.78852391242981,4820,4
37.79597043991089,691,0
37.87843585014343,691,0
37.882649183273315,691,0
37.94411516189575,45192,6
37.94598937034607,691,0
37.95097494125366,630,5
37.97377276420593,691,0
38.030672788619995,691,0
38.03595018386841,11589,5
38.051111698150635,691,0
38.069371700286865,691,0
38.07965803146362,7460,3
38.08759689331055,34472,2
38.13590717315674,3140,4
38.14634585380554,691,0
38.1763551235199,691,0
38.20213794708252,6516,3
38.212504863739014,4260,4
38.21900677680969,691,0
38.22918772697449,1335,5
38.268686294555664,691,0
38.282923460006714,691,0
38.345988035202026,691,0
38.35870099067688,8580,3
38.39356803894043,4068,4
38.40946412086487,691,0
38.440295934677124,691,0
38.46503829956055,5956,3
38.47560238838196,575,5
38.51733899116516,691,0
38.52875065803528,7268,3
38.54146432876587,691,0
38.56875967979431,691,0
38.5720374584198,691,0
38.58291435241699,691,0
38.59490513801575,1157,5
38.6184458732605,691,0
38.663679122924805,691,0
38.74571442604065,691,0
38.760353803634644,691,0
38.76576209068298,7460,3
38.83971095085144,691,0
38.90562343597412,691,0
38.982325077056885,691,0
39.05451512336731,691,0
39.102418661117554,6900,3
39.117307901382446,691,0
39.11866593360901,691,0
39.153645277023315,691,0
39.22839021682739,691,0
39.2384979724884,691,0
39.2476806640625,6900,3
39.31268239021301,691,0
39.31865167617798,12533,5
39.35288739204407,691,0
39.41131925582886,691,0
39.43422603607178,691,0
39.511972188949585,691,0
39.52969145774841,6900,3
39.57951617240906,691,0
39.581355571746826,7828,3
39.58764410018921,691,0
39.643824338912964,691,0
39.65386486053467,691,0
39.65446138381958,7076,3
39.6553418636322,691,0
39.70639514923096,12165,5
39.720152378082275,691,0
39.737772941589355,691,0
39.79154086112976,691,0
39.814016342163086,2948,5
39.87292408943176,691,0
39.87509298324585,6148,3
39.92968535423279,691,0
39.93011474609375,45192,6
39.95045447349548,691,0
39.993236780166626,13,5
39.99435329437256,691,0
39.999751806259155,691,0
40.061859369277954,36405,2
40.063515186309814,691,0
40.102566719055176,691,0
40.18153214454651,691,0
40.1856255531311,691,0
40.21244478225708,691,0
40.2410306930542,691,0
40.251864433288574,1377,5
40.29223132133484,68,5
40.315499782562256,691,0
40.347312688827515,691,0
40.38197422027588,691,0
40.46510338783264,691,0
40.468403339385986,7268,3
40.54302191734314,691,0
40.545387506484985,5956,3
40.616936683654785,691,0
40.64203977584839,691,0
40.67445158958435,7828,3
40.68264079093933,691,0
40.718857765197754,6148,3
40.743009090423584,691,0
40.844491720199585,5956,3
40.92853283882141,691,0
40.95910310745239,691,0
40.96450757980347,6900,3
41.0341956615448,691,0
41.06379294395447,691,0
41.10349106788635,691,0
41.117098331451416,8212,3
41.13547873497009,691,0
41.1667001247406,691,0
41.19935584068298,691,0
41.24471187591553,691,0
41.251758337020874,691,0
41.311540365219116,691,0
41.34183669090271,5012,4
41.356873512268066,9156,5
41.379828691482544,6324,3
41.38560724258423,691,0
41.38607597351074,5204,4
41.394270181655884,691,0
41.404560565948486,691,0
41.46285367012024,691,0
41.51420307159424,3316,4
41.53278946876526,691,0
41.53359794616699,7828,3
41.606728076934814,691,0
41.64580154418945,5754,4
41.67314028739929,691,0
41.72558641433716,9524,5
41.73157501220703,691,0
41.78001666069031,691,0
41.788398027420044,6900,3
41.830071449279785,691,0
41.89240288734436,691,0
41.913984298706055,57976,6
41.926921367645264,691,0
41.951072692871094,691,0
41.96647572517395,691,0
41.9786581993103,5012,4
42.04511904716492,20997,2
42.0465784072876,691,0
42.064831495285034,691,0
42.099228620529175,691,0
42.10323476791382,691,0
42.1081383228302,691,0
42.10866665840149,2948,5
42.11813950538635,5724,4
42.13135242462158,6516,3
42.16740965843201,691,0
42.185550689697266,691,0
42.20334434509277,4260,4
42.20586967468262,6324,3
42.248056173324585,691,0
42.274860858917236,691,0
42.30396127700806,754,5
42.317301511764526,691,0
42.35278511047363,6148,3
42.36989378929138,691,0
42.39246654510498,691,0
42.45033359527588,691,0
42.49081110954285,6516,3
42.52930951118469,691,0
42.54504656791687,2388,5
42.5604465007782,691,0
42.57384276390076,691,0
42.62141489982605,691,0
42.6223726272583,691,0
42.631765604019165,691,0
42.647334814071655,3140,4
42.653533935546875,8580,3
42.69556403160095,691,0
42.71486282348633,691,0
42.79468274116516,691,0
42.80097460746765,7652,3
42.80980849266052,4452,4
42.81446099281311,691,0
42.85413718223572,6516,3
42.867865324020386,691,0
42.93094325065613,691,0
42.93966484069824,5722,4
42.97637939453125,691,0
42.993300676345825,6516,3
43.01287770271301,5572,4
43.02970004081726,691,0
43.08692216873169,691,0
43.096909046173096,5760,4
43.11209988594055,691,0
43.14923691749573,691,0
43.20559525489807,691,0
43.25244951248169,691,0
43.32249402999878,691,0
43.327897787094116,6516,3
43.330013275146484,5012,4
43.40539765357971,691,0
43.46563363075256,691,0
43.48905324935913,4820,4
43.5123815536499,691,0
43.54607343673706,691,0
43.58224844932556,5572,4
43.585392236709595,691,0
43.60163593292236,1113,5
43.6224844455719,8404,3
43.62468194961548,691,0
43.68515419960022,691,0
43.72684025764465,691,0
43.74704146385193,691,0
43.77355170249939,12533,5
43.80539417266846,691,0
43.84576225280762,691,0
43.88021945953369,691,0
43.888216733932495,691,0
43.89243149757385,5396,4
43.898799896240234,39989,6
43.95830011367798,691,0
43.976165771484375,7652,3
44.00217294692993,691,0
44.02384614944458,33029,2
44.041152000427246,691,0
44.082542181015015,4260,4
44.10950255393982,691,0
44.13153648376465,6516,3
44.169310092926025,691,0
44.1838002204895,8020,3
44.22091102600098,691,0
44.25625801086426,5012,4
44.29474854469299,691,0
44.33292889595032,691,0
44.34744358062744,18933,5
44.38279175758362,691,0
44.40013384819031,691,0
44.43811082839966,5204,4
44.46174764633179,7652,3
44.481316566467285,691,0
44.48519015312195,691,0
44.511924266815186,452,5
44.56001830101013,691,0
44.60512065887451,3508,4
44.61869931221008,691,0
44.65399146080017,691,0
44.68988800048828,5572,4
44.72240900993347,7076,3
44.73789715766907,691,0
44.75587177276611,4260,4
44.76995348930359,691,0
44.78306531906128,691,0
44.8456597328186,5396,4
44.84643054008484,691,0
44.882214069366455,691,0
44.88433861732483,7460,3
44.95086908340454,691,0
44.984943866729736,691,0
45.00509166717529,4820,4
45.00915551185608,691,0
45.01653599739075,691,0
45.08292841911316,691,0
45.09068584442139,9524,5
45.15175127983093,3316,4
45.16422700881958,691,0
45.21932411193848,691,0
45.2241792678833,691,0
45.285135984420776,691,0
45.3520610332489,691,0
45.423577308654785,691,0
45.46991586685181,7460,3
45.50439190864563,691,0
45.56324863433838,691,0
45.58511996269226,691,0
45.58804941177368,6768,3
45.60337734222412,691,0
45.63486289978027,5204,4
45.652151346206665,691,0
45.67497682571411,472,5
45.68894982337952,5012,4
45.70169520378113,691,0
45.70173263549805,60,5
45.74106240272522,4452,4
45.75040936470032,691,0
45.814111948013306,691,0
45.82912540435791,3508,4
45.84687352180481,691,0
45.87277007102966,691,0
45.87849402427673,45368,6
45.9028115272522,6148,3
45.917317390441895,691,0
46.007046699523926,4820,4
46.02842974662781,39413,2
46.078627586364746,691,0
46.10095810890198,691,0
46.146389961242676,5396,4
46.15539193153381,691,0
46.16581606864929,691,0
46.16902017593384,691,0
46.22918128967285,691,0
46.249794244766235,6900,3
46.29050087928772,5396,4
46.347352266311646,691,0
46.364980936050415,691,0
46.36862349510193,4820,4
46.396509885787964,6148,3
46.44297480583191,691,0
46.45726823806763,691,0
46.4923939704895,691,0
46.50431227684021,6757,3
46.50650215148926,4644,4
46.55844211578369,691,0
46.61847686767578,7076,3
46.61965537071228,691,0
46.62838435173035,5572,4
46.64304971694946,8964,5
46.66778802871704,691,0
46.67779278755188,8580,3
46.688268423080444,691,0
46.755738973617554,691,0
46.77992391586304,4820,4
46.80049014091492,14581,5
46.812232971191406,691,0
46.81409287452698,691,0
46.81907629966736,5956,3
46.84578847885132,4260,4
46.85640025138855,691,0
46.86168313026428,6516,3
46.88460850715637,691,0
46.94231152534485,3700,4
46.95193529129028,691,0
46.996495485305786,691,0
47.03996920585632,691,0
47.052297830581665,691,0
47.0542938709259,5572,4
47.09295320510864,691,0
47.12257170677185,6516,3
47.12679648399353,691,0
47.173224687576294,691,0
47.19274115562439,7460,3
47.213587045669556,691,0
47.22232222557068,4260,4
47.27902579307556,691,0
47.35509181022644,6516,3
47.36091160774231,691,0
47.37890982627869,4452,4
47.388124227523804,691,0
47.46105408668518,691,0
47.50942850112915,5956,3
47.51278901100159,691,0
47.51702094078064,691,0
47.52873206138611,691,0
47.55716037750244,9779,5
47.61300444602966,691,0
47.650394678115845,691,0
47.73491835594177,691,0
47.75932717323303,691,0
47.79672980308533,691,0
47.797993659973145,5956,3
47.84021711349487,691,0
47.88137888908386,691,0
47.95571708679199,691,0
48.00576591491699,33221,2
48.08767127990723,7652,3
48.10341167449951,10977,5
48.14777135848999,691,0
48.22338533401489,691,0
48.24748682975769,691,0
48.25379681587219,8212,3
48.25558304786682,662,5
48.30117440223694,8580,3
48.324076414108276,691,0
48.35508060455322,691,0
48.376242876052856,12533,5
48.40484952926636,691,0
48.453813552856445,6324,3
48.486387729644775,691,0
48.51258683204651,691,0
48.51579809188843,691,0
48.56687569618225,691,0
48.60268259048462,691,0
48.61124134063721,6516,3
48.61239790916443,691,0
48.685187101364136,691,0
48.717334270477295,8964,5
48.72038793563843,6148,3
48.73410415649414,691,0
48.77896189689636,691,0
48.860817193984985,691,0
48.888482332229614,8020,3
48.93654799461365,691,0
48.94032406806946,1052,5
48.99473309516907,691,0
49.02466440200806,691,0
49.05350637435913,7076,3
49.06049108505249,691,0
49.07607841491699,691,0
49.10241723060608,9719,5
49.11420488357544,691,0
49.122482776641846,691,0
49.18218994140625,691,0
49.22470688819885,7076,3
49.264238119125366,691,0
49.28349041938782,13477,5
49.323384523391724,4820,4
49.33752489089966,691,0
49.39465045928955,691,0
49.419525146484375,691,0
49.430964946746826,5572,4
49.48189377784729,691,0
49.494242429733276,8020,3
49.52122783660889,4820,4
49.538392782211304,7268,3
49.557196617126465,691,0
49.63785433769226,14981,5
49.63902735710144,691,0
49.65492248535156,4068,4
49.661680459976196,7828,3
49.707069635391235,691,0
49.76024794578552,691,0
49.78317904472351,3316,4
49.783329010009766,10837,5
49.837162733078,691,0
49.842254877090454,15534,5
49.87032127380371,4452,4
49.88289546966553,691,0
49.8957679271698,47624,6
49.962682485580444,691,0
49.972574949264526,691,0
49.98312997817993,33221,2
49.993664264678955,691,0
50.00643730163574,691,0
50.06958341598511,691,0
50.102622747421265,5396,4
50.1251015663147,691,0
50.15505051612854,691,0
50.15950870513916,1131,5
50.16209673881531,4820,4
50.20444655418396,691,0
50.21124792098999,5956,3
50.27270317077637,691,0
50.29908633232117,5204,4
50.331990003585815,691,0
50.36337924003601,691,0
50.369954347610474,691,0
50.43089056015015,691,0
50.4657084941864,691,0
50.53708553314209,7268,3
50.538045167922974,691,0
50.576616287231445,691,0
50.58700776100159,7460,3
50.614803075790405,691,0
50.6341872215271,656,5
50.66785192489624,691,0
50.72152137756348,691,0
50.75746440887451,691,0
50.795480251312256,691,0
50.81393575668335,6714,3
50.84239983558655,5204,4
50.84781193733215,691,0
50.85452079772949,691,0
50.866371154785156,691,0
50.87594747543335,691,0
50.91276454925537,691,0
50.9224009513855,691,0
50.92614126205444,3700,4
51.00633502006531,691,0
51.0452446937561,691,0
51.08784341812134,2948,5
51.096041440963745,691,0
51.10576510429382,691,0
51.181357622146606,691,0
51.188825845718384,3700,4
51.22405219078064,691,0
51.25202393531799,691,0
51.318203926086426,5012,4
51.32231068611145,691,0
51.337738037109375,691,0
51.363356828689575,8020,3
51.39233684539795,691,0
51.41110396385193,691,0
51.48937177658081,691,0
51.50338530540466,3316,4
51.50738596916199,691,0
51.51092290878296,691,0
51.53491282463074,7268,3
51.55321478843689,691,0
51.559589862823486,691,0
51.59704232215881,691,0
51.63936495780945,691,0
51.66087484359741,1371,5
51.712443113327026,691,0
51.72459578514099,7460,3
51.76610589027405,691,0
51.80138373374939,691,0
51.85917830467224,691,0
51.866455078125,4452,4
51.88010859489441,40549,6
51.93040204048157,691,0
51.93754816055298,691,0
51.94475317001343,4260,4
51.96382141113281,691,0
51.9675030708313,23621,2
52.00929498672485,5750,4
52.012293100357056,691,0
52.03150653839111,1276,5
52.06436371803284,691,0
52.09250330924988,6738,3
52.134443283081055,691,0
52.181498289108276,691,0
52.18824124336243,691,0
52.22035002708435,6324,3
52.25395178794861,691,0
52.283884048461914,691,0
52.31544613838196,15733,5
52.35534596443176,691,0
52.40672039985657,691,0
52.445390939712524,4644,4
52.47458481788635,8580,3
52.47485876083374,691,0
52.54504609107971,691,0
52.58066010475159,691,0
52.61833691596985,3892,4
52.660327196121216,691,0
52.69573450088501,691,0
52.753535985946655,691,0
52.7643358707428,5956,3
52.78753161430359,691,0
52.79963803291321,5204,4
52.80548405647278,12533,5
52.8472900390625,4260,4
52.862550020217896,1141,5
52.864437103271484,691,0
52.880868434906006,6148,3
52.90500044822693,691,0
52.96772742271423,691,0
52.97153568267822,691,0
52.98711681365967,691,0
53.03556489944458,5204,4
53.039533615112305,691,0
53.04046964645386,691,0
53.048640966415405,691,0
53.05019521713257,7828,3
53.08335208892822,5721,4
53.13114380836487,691,0
53.1428005695343,691,0
53.17003059387207,7652,3
53.17485761642456,691,0
53.206504344940186,4260,4
53.2525908946991,691,0
53.269460916519165,691,0
53.28839588165283,4452,4
53.315120697021484,1377,5
53.34291696548462,691,0
53.36557197570801,691,0
53.37670016288757,691,0
53.415393114089966,5713,4
53.43981862068176,691,0
53.44600868225098,6148,3
53.4577317237854,691,0
53.49690842628479,6779,3
53.50805735588074,691,0
53.56637382507324,691,0
53.56752610206604,691,0
53.59895348548889,691,0
53.67533540725708,691,0
53.68636727333069,4452,4
53.701401472091675,691,0
53.73234152793884,691,0
53.73552846908569,691,0
53.750380516052246,9332,5
53.78340244293213,5204,4
53.806708574295044,691,0
53.85111856460571,691,0
53.85850787162781,691,0
53.86339473724365,45368,6
53.87788200378418,9156,5
53.90618395805359,5204,4
53.93651294708252,691,0
53.94596004486084,26821,2
53.968239307403564,8580,3
53.98129940032959,691,0
54.02930450439453,5012,4
54.043394327163696,691,0
54.10856246948242,691,0
54.109031677246094,7460,3
54.115925550460815,691,0
54.12386870384216,691,0
54.17606854438782,691,0
54.185179471969604,6324,3
54.19301629066467,5396,4
54.19319295883179,691,0
54.25607228279114,691,0
54.27893900871277,691,0
54.294596910476685,6516,3
54.36094927787781,4820,4
54.362496852874756,691,0
54.363173961639404,691,0
54.37512993812561,691,0
54.40825438499451,5396,4
54.42115044593811,691,0
54.47849726676941,691,0
54.52415585517883,4452,4
54.529114723205566,6900,3
54.55681109428406,691,0
54.57424283027649,4452,4
54.59490466117859,691,0
54.59733247756958,1158,5
54.64258098602295,3508,4
54.73702096939087,13477,5
54.74923801422119,6711,3
54.75900626182556,5204,4
54.77022051811218,691,0
54.78984069824219,9908,5
54.80485439300537,691,0
54.865705728530884,691,0
54.872406005859375,6516,3
54.93698501586914,691,0
54.98944902420044,691,0
55.0053870677948,691,0
55.040366888046265,691,0
55.05606436729431,6900,3
55.08084535598755,4260,4
55.122087717056274,691,0
55.17531228065491,691,0
55.205734968185425,691,0
55.212727546691895,6148,3
55.26644158363342,5572,4
55.28518557548523,691,0
55.308809757232666,691,0
55.33263158798218,5956,3
55.374993085861206,691,0
55.38570713996887,691,0
55.45153307914734,4644,4
55.45217490196228,691,0
55.45481991767883,5956,3
55.504433393478394,691,0
55.50621318817139,5012,4
55.50968098640442,691,0
55.55650734901428,691,0
55.595733880996704,3316,4
55.6368145942688,691,0
55.63920974731445,691,0
55.690322160720825,3316,4
55.713250160217285,691,0
55.733388900756836,691,0
55.744996309280396,8580,3
55.77113461494446,691,0
55.816956996917725,4820,4
55.8342559337616,691,0
55.85848689079285,691,0
55.86433029174805,691,0
55.92200708389282,39176,2
55.92471694946289,691,0
55.93449306488037,691,0
55.94638514518738,3700,4
55.961241483688354,691,0
55.9709894657135,691,0
56.030444622039795,691,0
56.035895109176636,6900,3
56.07271647453308,691,0
56.15071988105774,691,0
56.17549109458923,4068,4
56.19269347190857,6753,3
56.213562965393066,691,0
56.22641181945801,691,0
56.26937007904053,691,0
56.29398488998413,691,0
56.35032534599304,5572,4
56.369152545928955,691,0
56.37496042251587,8404,3
56.41195487976074,691,0
56.46932005882263,4260,4
56.477168560028076,691,0
56.491209506988525,691,0
56.498597145080566,691,0
56.524415731430054,691,0
56.52517342567444,8020,3
56.550533056259155,691,0
56.63283967971802,691,0
56.64339518547058,691,0
56.64890146255493,691,0
56.649646282196045,691,0
56.65425443649292,4820,4
56.685569763183594,7076,3
56.72144436836243,691,0
56.77456831932068,3508,4
56.80440402030945,691,0
56.837005615234375,691,0
56.85140132904053,691,0
56.85267519950867,5763,4
56.89956045150757,3700,4
56.93276262283325,691,0
56.96432971954346,691,0
56.97106337547302,5572,4
56.97190833091736,8212,3
57.03613901138306,691,0
57.03833603858948,691,0
57.05911087989807,691,0
57.08602237701416,4068,4
57.11023283004761,691,0
57.142072677612305,691,0
57.146801471710205,9332,5
57.15993809700012,6710,3
57.16252589225769,1108,5
57.16304683685303,691,0
57.2013635635376,691,0
57.20910835266113,5012,4
57.233909368515015,691,0
57.241050720214844,691,0
57.25146150588989,691,0
57.29129648208618,691,0
57.31904411315918,6516,3
57.33268427848816,691,0
57.342957496643066,691,0
57.39290904998779,4452,4
57.41674208641052,9767,5
57.4247772693634,691,0
57.42706274986267,691,0
57.433314085006714,691,0
57.488540172576904,691,0
57.504515409469604,691,0
57.50518465042114,6516,3
57.51309084892273,691,0
57.5490243434906,5956,3
57.55427074432373,691,0
57.61670231819153,4068,4
57.616936683654785,691,0
57.65340232849121,691,0
57.66118788719177,4260,4
57.679508686065674,691,0
57.72362542152405,691,0
57.75371503829956,691,0
57.78435945510864,691,0
57.80375647544861,691,0
57.81244421005249,691,0
57.861379623413086,691,0
57.86422872543335,691,0
57.88916563987732,4260,4
57.89138388633728,691,0
57.89525556564331,691,0
57.92638087272644,691,0
57.93278646469116,691,0
57.9884147644043,7268,3
57.9909930229187,976,5
57.99786424636841,691,0
58.030353307724,4452,4
58.042320013046265,691,0
58.06188631057739,691,0
58.08832097053528,5747,4
58.142253398895264,691,0
58.163198947906494,5956,3
58.19075059890747,9908,5
58.20539712905884,3700,4
58.20783996582031,6516,3
58.22002959251404,691,0
58.24465489387512,691,0
58.31522536277771,691,0
58.35040521621704,3508,4
58.373106479644775,2004,5
58.384669065475464,691,0
58.39066791534424,691,0
58.39140510559082,5956,3
58.44740629196167,691,0
58.46308135986328,8020,3
58.49933862686157,691,0
58.50389003753662,691,0
58.530192375183105,7268,3
58.5387601852417,691,0
58.53904485702515,5572,4
58.61709976196289,691,0
58.62193584442139,5396,4
58.68339943885803,691,0
58.74191451072693,691,0
58.77757287025452,691,0
58.79430532455444,7828,3
58.80112957954407,691,0
58.83606481552124,691,0
58.84906578063965,3316,4
58.87149119377136,691,0
58.91432809829712,691,0
58.936124086380005,12341,5
58.98700761795044,10837,5
58.997517347335815,691,0
59.00174522399902,5204,4
59.02579879760742,465,5
59.05736446380615,691,0
59.09672975540161,691,0
59.108370780944824,4644,4
59.111990451812744,691,0
59.170477867126465,691,0
59.18776822090149,5204,4
59.19136190414429,12165,5
59.20265531539917,691,0
59.277326822280884,5204,4
59.278215408325195,691,0
59.34991002082825,691,0
59.37181878089905,691,0
59.399720907211304,3700,4
59.45369529724121,691,0
59.4930853843689,691,0
59.50004816055298,691,0
59.525352239608765,5733,4
59.566781997680664,691,0
59.60458278656006,5204,4
59.60635447502136,691,0
59.623056411743164,691,0
59.6489531993866,691,0
59.66184902191162,8964,5
59.70236349105835,691,0
59.71006894111633,691,0
59.78595852851868,691,0
59.7889358997345,3892,4
59.80482745170593,691,0
59.805944204330444,691,0
59.84286022186279,4068,4
59.854454040527344,691,0
59.861348152160645,691,0
59.86233735084534,691,0
59.90286922454834,691,0
59.92239570617676,691,0
59.99040508270264,691,0
60.05007028579712,691,0
60.08889389038086,691,0
60.10035800933838,15537,5
60.138654708862305,691,0
60.22106218338013,227,5
60.221163511276245,691,0
60.248390436172485,691,0
60.268404483795166,691,0
60.31289458274841,691,0
60.34881663322449,691,0
60.35867619514465,2004,5
60.386393785476685,5012,4
60.39093208312988,691,0
60.42592668533325,1381,5
60.46683597564697,5204,4
60.470332860946655,691,0
60.47455596923828,6148,3
60.52037024497986,691,0
60.59813570976257,691,0
60.61779451370239,4260,4
60.64022088050842,691,0
60.713658809661865,691,0
60.728755235672,5956,3
60.761592626571655,691,0
60.77160835266113,7076,3
60.816200971603394,691,0
60.83509278297424,4452,4
60.8855881690979,691,0
60.94276285171509,6900,3
60.955305099487305,691,0
60.970619440078735,5572,4
61.01047325134277,5956,3
61.077483892440796,691,0
61.12916922569275,691,0
61.14693331718445,4644,4
61.201547622680664,691,0
61.21093010902405,691,0
61.25738286972046,6753,3
61.27577018737793,691,0
61.2820680141449,691,0
61.28883719444275,691,0
61.3239209651947,691,0
61.324015378952026,3892,4
61.32687020301819,691,0
61.35553765296936,691,0
61.401437520980835,691,0
61.435017347335815,691,0
61.4761266708374,5204,4
61.50994539260864,691,0
61.56001830101013,6148,3
61.56430697441101,691,0
61.570035457611084,8964,5
61.62740182876587,691,0
61.69869542121887,691,0
61.70250201225281,691,0
61.74782109260559,8772,3
61.769352197647095,691,0
61.80925107002258,691,0
61.81801199913025,691,0
61.8328652381897,3316,4
61.835853099823,8964,5
61.84502553939819,691,0
61.88154339790344,4820,4
61.88585186004639,691,0
61.947437047958374,691,0
61.950220584869385,691,0
61.984368562698364,691,0
62.050591468811035,4452,4
62.05408453941345,691,0
62.07067322731018,9908,5
62.0930016040802,691,0
62.12558555603027,5739,4
62.126911878585815,691,0
62.21112561225891,691,0
62.22443604469299,8404,3
62.23210644721985,691,0
62.235790491104126,3892,4
62.24367952346802,691,0
62.280330181121826,691,0
62.295201539993286,4644,4
62.31895327568054,691,0
62.36263179779053,691,0
62.37532186508179,5012,4
62.39563274383545,5956,3
62.414026737213135,691,0
62.458513498306274,691,0
62.52222776412964,691,0
62.5625262260437,5204,4
62.56970524787903,691,0
62.573829889297485,6724,3
62.610424518585205,691,0
62.64939022064209,2948,5
62.69178628921509,691,0
62.735941886901855,3508,4
62.749473571777344,691,0
62.79302763938904,691,0
62.84385657310486,5956,3
62.84539079666138,691,0
62.86585569381714,691,0
62.8915741443634,691,0
62.8997528553009,8212,3
62.95702123641968,691,0
63.00612926483154,7460,3
63.01216268539429,691,0
63.01616334915161,3892,4
63.088812828063965,691,0
63.09236693382263,691,0
63.12145209312439,691,0
63.20555567741394,691,0
63.25749397277832,691,0
63.257768630981445,2948,5
63.30842900276184,691,0
63.31353950500488,691,0
63.34937810897827,6900,3
63.38084006309509,691,0
63.39275074005127,691,0
63.40178418159485,9332,5
63.42544507980347,7460,3
63.45126748085022,691,0
63.50611662864685,691,0
63.51649045944214,691,0
63.5461790561676,7076,3
63.5476655960083,691,0
63.612417221069336,691,0
63.61605262756348,691,0
63.66994595527649,691,0
63.682727575302124,691,0
63.71809720993042,6324,3
63.73492741584778,691,0
63.74281358718872,691,0
63.7583532333374,691,0
63.768168687820435,691,0
63.7958767414093,691,0
63.86893010139465,691,0
63.882038593292236,28709,2
63.883981466293335,691,0
63.89909482002258,7268,3
63.94331765174866,691,0
64.00657176971436,691,0
64.0486478805542,691,0
64.06718897819519,8020,3
64.1120171546936,10469,5
64.12412810325623,691,0
64.2083146572113,691,0
64.29247951507568,691,0
64.36433339118958,691,0
64.36905789375305,6900,3
64.42008805274963,691,0
64.50226521492004,691,0
64.50535583496094,691,0
64.54150247573853,7076,3
64.56623768806458,4820,4
64.57764649391174,691,0
64.6313042640686,3892,4
64.65421056747437,691,0
64.66839838027954,691,0
64.6718122959137,691,0
64.67604351043701,691,0
64.68503069877625,5572,4
64.71516442298889,691,0
64.75694918632507,691,0
64.76886892318726,3316,4
64.8236153125763,691,0
64.84820032119751,195,5
64.89006090164185,691,0
64.90808463096619,5572,4
64.92016768455505,691,0
64.98252582550049,691,0
65.00036430358887,18933,5
65.00314092636108,6900,3
65.06055903434753,691,0
65.07560896873474,6148,3
65.08103370666504,3700,4
65.14267683029175,691,0
65.1499536037445,7652,3
65.16884636878967,5748,4
65.22532224655151,691,0
65.25933861732483,691,0
65.25988054275513,4260,4
65.2802083492279,691,0
65.31532597541809,6900,3
65.34361171722412,691,0
65.36574387550354,10084,5
65.41032981872559,4260,4
65.41903281211853,691,0
65.42760348320007,621,5
65.46620011329651,7076,3
65.49496555328369,691,0
65.55583834648132,691,0
65.57856726646423,5012,4
65.6111650466919,691,0
65.62335538864136,691,0
65.65807175636292,4260,4
65.66574931144714,691,0
65.67001724243164,691,0
65.67274618148804,691,0
65.68326497077942,691,0
65.75921750068665,691,0
65.77087259292603,691,0
65.78479719161987,4644,4
65.79472947120667,6324,3
65.81878900527954,13477,5
65.82690048217773,691,0
65.8934018611908,691,0
65.89388298988342,691,0
65.92197608947754,8212,3
65.94446897506714,3892,4
65.94716334342957,691,0
65.99717783927917,7652,3
66.02502846717834,4068,4
66.02945804595947,691,0
66.09644770622253,691,0
66.09680461883545,691,0
66.09787607192993,5012,4
66.10957312583923,691,0
66.1750271320343,691,0
66.19065046310425,691,0
66.2317385673523,691,0
66.2571280002594,4644,4
66.26445889472961,6729,3
66.29431247711182,691,0
66.35466146469116,691,0
66.37186074256897,4068,4
66.37697291374207,691,0
66.40519905090332,8404,3
66.4089879989624,938,5
66.42429399490356,691,0
66.44203424453735,691,0
66.466561794281,4452,4
66.48483872413635,691,0
66.49240374565125,691,0
66.52517533302307,9908,5
66.54842448234558,691,0
66.56438684463501,6516,3
66.63205122947693,691,0
66.63276219367981,9908,5
66.71076893806458,691,0
66.72072577476501,5956,3
66.76813745498657,691,0
66.78414845466614,11781,5
66.82065057754517,691,0
66.86055731773376,691,0
66.89856839179993,7460,3
66.92603397369385,691,0
66.92680788040161,5572,4
66.92772555351257,127,5
66.97290539741516,932,5
66.99385046958923,691,0
66.9979956150055,691,0
67.0484893321991,691,0
67.09539771080017,691,0
67.12376475334167,7460,3
67.17838931083679,691,0
67.19138741493225,691,0
67.1917769908905,691,0
67.21273803710938,5204,4
67.24186730384827,691,0
67.25475716590881,691,0
67.25791645050049,691,0
67.28440690040588,6324,3
67.30280089378357,691,0
67.30489587783813,4820,4
67.36733531951904,691,0
67.37563586235046,691,0
67.43249416351318,6771,3
67.43526816368103,691,0
67.49317812919617,691,0
67.53326344490051,691,0
67.58277630805969,4260,4
67.59245657920837,691,0
67.60783314704895,691,0
67.62031078338623,691,0
67.68633985519409,691,0
67.72839784622192,5012,4
67.73112058639526,691,0
67.77692604064941,691,0
67.781094789505,8212,3
67.85487341880798,691,0
67.87419557571411,691,0
67.90914106369019,5396,4
67.92738103866577,691,0
67.93191170692444,691,0
67.9473557472229,6900,3
67.97481417655945,691,0
68.01837801933289,691,0
68.06809830665588,5956,3
68.0843894481659,691,0
68.09482836723328,5572,4
68.15794134140015,691,0
68.20010542869568,691,0
68.23863315582275,691,0
68.26493620872498,691,0
68.32740592956543,11781,5
68.34668159484863,691,0
68.36650466918945,8020,3
68.39029884338379,691,0
68.41993570327759,3508,4
68.5783953666687,691,0
68.58740234375,691,0
68.60740494728088,4452,4
68.64963102340698,691,0
68.69498181343079,5012,4
68.70409226417542,691,0
68.72332882881165,17797,5
68.78285336494446,691,0
68.79052376747131,9332,5
68.82779955863953,691,0
68.82893633842468,5716,4
68.88165163993835,691,0
68.88340759277344,691,0
68.88395714759827,691,0
68.94186735153198,691,0
69.00118279457092,7460,3
69.0128083229065,691,0
69.05231285095215,691,0
69.11477541923523,691,0
69.11941194534302,5204,4
69.14619064331055,691,0
69.15398097038269,6324,3
69.2171266078949,691,0
69.24178147315979,4068,4
69.25993537902832,6148,3
69.26633071899414,691,0
69.32369208335876,691,0
69.3601746559143,4820,4
69.40371608734131,691,0
69.44116640090942,8212,3
69.45197796821594,4260,4
69.46907162666321,691,0
69.49737238883972,7268,3
69.53960394859314,1317,5
69.54339027404785,691,0
69.58944606781006,691,0
69.592369556427,691,0
69.60144233703613,3316,4
69.60642695426941,6148,3
69.65973019599915,691,0
69.671715259552,4644,4
69.71597838401794,691,0
69.76707196235657,691,0
69.78892064094543,6148,3
69.80854606628418,691,0
69.81743431091309,691,0
69.82082152366638,691,0
69.83704805374146,3700,4
69.84459233283997,2948,5
69.84995913505554,691,0
69.92824077606201,691,0
69.96904826164246,691,0
69.9729835987091,5956,3
70.0400550365448,2756,5
70.04042744636536,691,0
70.1178629398346,691,0
70.18717551231384,691,0
70.28724670410156,4260,4
70.35473203659058,691,0
70.39125370979309,6773,3
70.3953423500061,1055,5
70.41646933555603,691,0
70.45331501960754,691,0
70.5013792514801,1121,5
70.51655197143555,691,0
70.51798272132874,691,0
70.52619099617004,7460,3
70.53798842430115,5728,4
70.55589580535889,691,0
70.57980465888977,691,0
70.65238404273987,691,0
70.70213150978088,691,0
70.71521329879761,5396,4
70.73748469352722,691,0
70.74768686294556,9332,5
70.79446482658386,691,0
70.7986044883728,8020,3
70.81562662124634,9756,5
70.85740113258362,691,0
70.86368918418884,691,0
70.88239026069641,691,0
70.88491034507751,4068,4
70.93887066841125,691,0
70.94847655296326,6716,3
70.97619557380676,3892,4
71.00747680664062,6743,3
71.08579444885254,691,0
71.12239360809326,691,0
71.19825434684753,691,0
71.25245237350464,189,5
71.2718436717987,691,0
71.280268907547,691,0
71.35794997215271,691,0
71.38586616516113,691,0
71.402419090271,17287,5
71.43452024459839,691,0
71.48103904724121,691,0
71.54486656188965,691,0
71.56510853767395,691,0
71.59011101722717,691,0
71.6152868270874,6900,3
71.6185872554779,691,0
71.64523816108704,691,0
71.67530393600464,691,0
71.68100214004517,1150,5
71.68252801895142,691,0
71.71915030479431,691,0
71.73982214927673,691,0
71.74823641777039,7652,3
71.7483377456665,12533,5
71.81156730651855,691,0
71.84191751480103,27381,2
71.85076427459717,691,0
71.88143920898438,2756,5
71.92954349517822,691,0
71.94704079627991,691,0
71.96708869934082,691,0
72.08952784538269,6900,3
72.11114764213562,9332,5
72.13864588737488,691,0
72.14998745918274,14590,5
72.21456599235535,691,0
72.2409279346466,6712,3
72.25146818161011,691,0
72.27176761627197,124,5
72.3030002117157,691,0
72.3473768234253,6750,3
72.3614912033081,691,0
72.50591230392456,6733,3
72.53163051605225,3700,4
72.53582835197449,691,0
72.59929060935974,691,0
72.63058042526245,691,0
72.71327185630798,691,0
72.77687907218933,691,0
72.7938129901886,6516,3
72.80663394927979,691,0
72.85478734970093,691,0
72.86924648284912,691,0
72.88005876541138,4644,4
72.92976355552673,6148,3
72.9307644367218,691,0
72.94465923309326,691,0
72.96364784240723,691,0
72.9650661945343,691,0
72.99771070480347,4820,4
73.0425066947937,691,0
73.07808470726013,691,0
73.0790638923645,691,0
73.11343383789062,4452,4
73.15993738174438,691,0
73.18700170516968,691,0
73.20876622200012,3892,4
73.2294135093689,691,0
73.29553818702698,691,0
73.30399298667908,5572,4
73.33185195922852,691,0
73.3987648487091,691,0
73.44182682037354,691,0
73.44751858711243,5012,4
73.489497423172,7460,3
73.50521039962769,691,0
73.58905124664307,691,0
73.60096168518066,691,0
73.60333371162415,691,0
73.61813116073608,691,0
73.61990189552307,540,5
73.67271375656128,691,0
73.69935321807861,5204,4
73.73144888877869,691,0
73.74492263793945,691,0
73.7508978843689,2948,5
73.81835198402405,4068,4
73.81862425804138,691,0
73.82739424705505,7076,3
73.87879014015198,691,0
73.89674139022827,8772,3
73.94721508026123,691,0
73.96746706962585,5725,4
73.97579836845398,691,0
73.98995995521545,691,0
74.02031373977661,4260,4
74.06954407691956,691,0
74.07913017272949,6324,3
74.09644508361816,691,0
74.11065173149109,5743,4
74.1131067276001,691,0
74.11992144584656,691,0
74.1281304359436,691,0
74.15999460220337,4260,4
74.16338777542114,1420,5
74.168527841568,691,0
74.1990339756012,7828,3
74.22117137908936,691,0
74.24722862243652,691,0
74.2503707408905,10837,5
74.25839614868164,691,0
74.27170848846436,3892,4
74.29819631576538,691,0
74.30005121231079,691,0
74.36094498634338,691,0
74.37555408477783,7460,3
74.38827157020569,4452,4
74.4202811717987,691,0
74.42844414710999,691,0
74.43503332138062,9777,5
74.47807598114014,691,0
74.51350450515747,691,0
74.55451107025146,5733,4
74.5585424900055,691,0
74.56083273887634,691,0
74.5783064365387,691,0
74.60325932502747,691,0
74.61023354530334,691,0
74.64362597465515,691,0
74.65614604949951,6742,3
74.70765972137451,691,0
74.75362157821655,691,0
74.77336072921753,3508,4
74.7968316078186,691,0
74.80340194702148,6769,3
74.85808253288269,6732,3
74.88095664978027,691,0
74.8821611404419,5396,4
74.93697905540466,691,0
74.95622134208679,691,0
74.98872518539429,2948,5
75.00185227394104,6516,3
75.0186083316803,691,0
75.05356335639954,6516,3
75.10256814956665,691,0
75.1194326877594,691,0
75.17814326286316,691,0
75.20026779174805,7076,3
75.2441794872284,6730,3
75.26188564300537,691,0
75.31832456588745,691,0
75.326096534729,691,0
75.37684655189514,691,0
75.4094169139862,6768,3
75.43437266349792,691,0
75.49399757385254,691,0
75.50274634361267,691,0
75.53605437278748,1390,5
75.55086278915405,6516,3
75.57029724121094,691,0
75.65331649780273,691,0
75.67439341545105,691,0
75.72332453727722,691,0
75.78890633583069,691,0
75.82362675666809,41109,6
75.84054183959961,5396,4
75.84334373474121,11352,5
75.86247944831848,691,0
75.86315035820007,37480,2
75.88770890235901,5396,4
75.91010355949402,8020,3
75.92805552482605,691,0
75.96235752105713,691,0
75.96465516090393,5012,4
76.0221676826477,691,0
76.04679846763611,5761,4
76.08108806610107,11973,5
76.08956050872803,691,0
76.09333658218384,691,0
76.09447288513184,691,0
76.14538073539734,691,0
76.14763402938843,691,0
76.17446875572205,691,0
76.19078660011292,4820,4
76.2446300983429,691,0
76.263338804245,7828,3
76.2878532409668,691,0
76.3130989074707,5572,4
76.31435799598694,691,0
76.31959652900696,6900,3
76.33002281188965,691,0
76.39449715614319,691,0
76.41529512405396,691,0
76.41737127304077,691,0
76.44122958183289,691,0
76.45925211906433,4452,4
76.48129343986511,7460,3
76.51482272148132,3892,4
76.51579642295837,691,0
76.52054023742676,8964,5
76.58957052230835,691,0
76.65568208694458,691,0
76.70408606529236,5012,4
76.71422290802002,691,0
76.76029634475708,7268,3
76.76193833351135,691,0
76.82174372673035,691,0
76.90311336517334,691,0
76.90946817398071,691,0
76.94433307647705,3892,4
76.98664331436157,691,0
77.01306247711182,1420,5
77.038245677948,7652,3
77.04032635688782,4452,4
77.05271935462952,691,0
77.09010672569275,3892,4
77.10140490531921,691,0
77.10408782958984,691,0
77.18625140190125,691,0
77.19434452056885,691,0
77.25454235076904,691,0
77.27513074874878,691,0
77.35340785980225,691,0
77.42353963851929,691,0
77.443354845047,4820,4
77.47913813591003,7652,3
77.48938298225403,691,0
77.50276041030884,691,0
77.50708794593811,691,0
77.56162023544312,691,0
77.58310437202454,691,0
77.64191246032715,691,0
77.64905333518982,691,0
77.65950989723206,7652,3
77.6963849067688,691,0
77.70472049713135,691,0
77.72382855415344,691,0
77.80418634414673,42936,6
77.8053650856018,691,0
77.88548684120178,691,0
77.88851833343506,691,0
77.94639945030212,691,0
77.94723105430603,691,0
78.00166010856628,691,0
78.07407426834106,691,0
78.08101177215576,691,0
78.13849377632141,691,0
78.17522668838501,691,0
78.24436092376709,691,0
78.31710648536682,691,0
78.36407160758972,691,0
78.39504933357239,691,0
78.39630794525146,691,0
78.4018657207489,5754,4
78.41654658317566,691,0
78.44717168807983,691,0
78.49651622772217,691,0
78.54111218452454,4820,4
78.54478859901428,691,0
78.55836224555969,691,0
78.63740801811218,691,0
78.72098207473755,691,0
78.75125527381897,691,0
78.79734230041504,691,0
78.80336046218872,691,0
78.87056803703308,691,0
78.93839621543884,691,0
79.00916075706482,691,0
79.06215715408325,691,0
79.0886778831482,691,0
79.12120246887207,6746,3
79.13381767272949,691,0
79.14101934432983,12165,5
79.15096545219421,691,0
79.18012475967407,6324,3
79.20053482055664,691,0
79.23680090904236,6763,3
79.28037142753601,691,0
79.29276013374329,9156,5
79.32572364807129,691,0
79.34703207015991,8020,3
79.39588832855225,6900,3
79.40473508834839,691,0
79.43168115615845,691,0
79.48025059700012,8964,5
79.49079442024231,691,0
79.4996874332428,4260,4
79.50375413894653,691,0
79.56901693344116,5204,4
79.57408714294434,691,0
79.6420693397522,691,0
79.65536546707153,1336,5
79.69975018501282,691,0
79.70181083679199,7268,3
79.72784948348999,5726,4
79.86960124969482,691,0
79.88647103309631,26261,2
79.89147019386292,4820,4
79.91142392158508,691,0
79.95210075378418,8404,3
79.99365329742432,11413,5
80.00355458259583,7828,3
80.00748920440674,4260,4
80.11933135986328,6516,3
80.12991714477539,4820,4
80.13871645927429,653,5
80.24850153923035,7828,3
80.36512446403503,4820,4
80.37801480293274,7828,3
80.4143238067627,4820,4
80.45221757888794,7652,3
80.45851755142212,1154,5
80.48107576370239,9908,5
80.56896686553955,3508,4
80.60439324378967,704,5
80.63377594947815,5204,4
80.67746162414551,8020,3
80.80372142791748,14535,5
80.81666970252991,6148,3
80.88216996192932,5956,3
80.88791084289551,3892,4
80.94918847084045,4820,4
81.01185965538025,8020,3
81.03136467933655,5204,4
81.13750267028809,691,0
81.17613077163696,691,0
81.2160177230835,14981,5
81.23839592933655,7076,3
81.25968742370605,691,0
81.29849624633789,691,0
81.32832264900208,3700,4
81.34649538993835,691,0
81.41319847106934,691,0
81.43722009658813,5012,4
81.47512793540955,691,0
81.47586154937744,691,0
81.53386378288269,691,0
81.57179951667786,691,0
81.58531975746155,3700,4
81.60670614242554,6754,3
81.62767815589905,691,0
81.66790246963501,5572,4
81.6844756603241,691,0
81.74171257019043,691,0
81.76933217048645,734,5
81.77388262748718,691,0
81.77855610847473,4260,4
81.78259181976318,303,5
81.78346872329712,7460,3
81.83484554290771,691,0
81.84946322441101,4452,4
81.8563334941864,11781,5
81.8563802242279,33221,2
81.87129187583923,691,0
81.88675451278687,474,5
81.92763185501099,691,0
81.94237041473389,6729,3
81.99930715560913,691,0
82.02049899101257,691,0
82.03464579582214,691,0
82.06510806083679,691,0
82.08912968635559,7460,3
82.12549066543579,691,0
82.13476157188416,691,0
82.13728976249695,691,0
82.16291570663452,5396,4
82.17785573005676,691,0
82.17972207069397,691,0
82.18199896812439,691,0
82.18398213386536,691,0
82.22220587730408,7268,3
82.25587558746338,691,0
82.32233881950378,691,0
82.3317711353302,691,0
82.36068820953369,691,0
82.38446092605591,691,0
82.38901448249817,3892,4
82.39555382728577,691,0
82.47438359260559,691,0
82.4884729385376,691,0
82.52172136306763,691,0
82.57709193229675,5012,4
82.57872486114502,691,0
82.6151990890503,691,0
82.62805676460266,9332,5
82.68210768699646,691,0
82.69505262374878,691,0
82.70670080184937,5012,4
82.73304104804993,691,0
82.86775231361389,4260,4
82.90674066543579,691,0
82.95688509941101,691,0
83.00503396987915,691,0
83.00701761245728,691,0
83.01137971878052,2948,5
83.04191708564758,691,0
83.04408836364746,691,0
83.04525208473206,4820,4
83.0725347995758,691,0
83.1380021572113,691,0
83.1977550983429,5396,4
83.1994571685791,691,0
83.266685962677,691,0
83.28700256347656,3316,4
83.40267729759216,691,0
83.42607569694519,691,0
83.44212293624878,3508,4
83.47540664672852,691,0
83.5326075553894,691,0
83.57163548469543,691,0
83.5814003944397,691,0
83.60967922210693,691,0
83.62546348571777,691,0
83.62623190879822,5572,4
83.64437675476074,691,0
83.67802286148071,691,0
83.68961691856384,3892,4
83.70961236953735,691,0
83.71329998970032,691,0
83.78406691551208,691,0
83.78612875938416,691,0
83.81440711021423,691,0
83.8453757762909,33221,2
83.86212825775146,691,0
83.87730264663696,5204,4
83.88062405586243,691,0
83.89415907859802,691,0
83.932368516922,691,0
83.98172044754028,691,0
84.03125524520874,10084,5
84.03331899642944,4452,4
84.03736138343811,691,0
84.09038257598877,5204,4
84.10999345779419,691,0
84.1268560886383,691,0
84.17787909507751,2756,5
84.1830108165741,691,0
84.19677639007568,691,0
84.19889426231384,5204,4
84.24234223365784,5012,4
84.27151036262512,691,0
84.27787518501282,691,0
84.31407284736633,3508,4
84.33874559402466,691,0
84.3814685344696,691,0
84.38803935050964,691,0
84.40495824813843,691,0
84.4653069972992,691,0
84.53146934509277,691,0
84.5861976146698,691,0
84.6366138458252,691,0
84.71122169494629,691,0
84.730881690979,5396,4
84.76212859153748,691,0
84.84654927253723,691,0
84.85632181167603,691,0
84.8922336101532,5204,4
84.917977809906,691,0
84.95144033432007,691,0
84.95828461647034,691,0
84.96386122703552,691,0
84.97875428199768,7460,3
84.983726978302,691,0
84.98425197601318,691,0
84.99956250190735,691,0
85.05025243759155,7076,3
85.06436014175415,5396,4
85.06944823265076,691,0
85.1258008480072,691,0
85.13821578025818,5012,4
85.19411087036133,7460,3
85.19498467445374,691,0
85.19972920417786,3892,4
85.21991062164307,691,0
85.22859525680542,8964,5
85.29110741615295,5572,4
85.29813647270203,691,0
85.30251789093018,691,0
85.35599112510681,691,0
85.40540766716003,691,0
85.42263746261597,691,0
85.43605160713196,4068,4
85.43997883796692,691,0
85.44204425811768,691,0
85.50434255599976,5012,4
85.52660250663757,691,0
85.56769943237305,1119,5
85.57456731796265,5204,4
85.60203266143799,691,0
85.62434411048889,11781,5
85.62942743301392,691,0
85.68254899978638,691,0
85.68492317199707,5748,4
85.71146774291992,691,0
85.72923564910889,4820,4
85.77306938171387,5956,3
85.78046679496765,691,0
85.78216195106506,691,0
85.84161496162415,47816,6
85.84772276878357,36920,2
85.84939098358154,691,0
85.86585736274719,3892,4
85.8891065120697,691,0
85.91339230537415,4644,4
85.92946720123291,8020,3
85.96586418151855,691,0
85.99041724205017,691,0
86.07091903686523,691,0
86.09546613693237,6516,3
86.13562059402466,5204,4
86.1464056968689,691,0
86.18144726753235,691,0
86.18848395347595,4260,4
86.19129657745361,852,5
86.20918583869934,691,0
86.23955202102661,6516,3
86.24424242973328,1359,5
86.27690553665161,691,0
86.3107008934021,691,0
86.31190657615662,4644,4
86.31987595558167,691,0
86.34645318984985,691,0
86.3621551990509,7268,3
86.4080719947815,691,0
86.43684840202332,691,0
86.47149229049683,691,0
86.47172403335571,691,0
86.4838387966156,5572,4
86.51762771606445,7076,3
86.54357624053955,691,0
86.5653612613678,691,0
86.57750630378723,6726,3
86.62832760810852,691,0
86.6717414855957,4452,4
86.68438577651978,691,0
86.69271469116211,6900,3
86.75988554954529,691,0
86.81241941452026,3316,4
86.81870794296265,8020,3
86.82161235809326,691,0
86.83447694778442,691,0
86.84112906455994,10661,5
86.85221552848816,691,0
86.88742446899414,5396,4
86.89684438705444,691,0
86.92014932632446,691,0
86.92683529853821,691,0
86.94201946258545,691,0
86.97672605514526,691,0
87.01007270812988,3140,4
87.01619625091553,691,0
87.03337740898132,691,0
87.05120491981506,691,0
87.10002779960632,6768,3
87.12357592582703,691,0
87.16154313087463,4452,4
87.18846297264099,691,0
87.21029686927795,2948,5
87.23745965957642,691,0
87.29191732406616,691,0
87.2976541519165,691,0
87.32304644584656,5572,4
87.34759211540222,6758,3
87.35971355438232,691,0
87.38920426368713,691,0
87.3908851146698,3892,4
87.44388341903687,691,0
87.4484965801239,691,0
87.5010154247284,691,0
87.50291323661804,5956,3
87.50895929336548,3508,4
87.53137922286987,691,0
87.53301548957825,691,0
87.56531238555908,691,0
87.63026404380798,691,0
87.65716910362244,691,0
87.65751266479492,8580,3
87.67749857902527,691,0
87.6930627822876,691,0
87.73711609840393,5572,4
87.76686000823975,691,0
87.8044216632843,8772,3
87.81907272338867,35784,2
87.82333135604858,40165,6
87.8331847190857,691,0
87.88516688346863,691,0
87.89526176452637,691,0
87.90320897102356,691,0
87.92100119590759,691,0
87.95157146453857,6713,3
87.96454572677612,691,0
88.02421951293945,691,0
88.06740474700928,5572,4
88.09355163574219,6516,3
88.10137033462524,691,0
88.13184666633606,4068,4
88.15706467628479,691,0
88.19989275932312,691,0
88.26140975952148,691,0
88.28445863723755,6516,3
88.33866763114929,691,0
88.39040923118591,691,0
88.45768117904663,691,0
88.49402856826782,5572,4
88.52312159538269,691,0
88.57600259780884,691,0
88.62088799476624,691,0
88.6284556388855,691,0
88.65122079849243,3700,4
88.67340469360352,691,0
88.7053849697113,691,0
88.73803925514221,8020,3
88.78704524040222,691,0
88.84333157539368,691,0
88.884694814682,691,0
88.88665676116943,7652,3
88.90389013290405,691,0
88.94631910324097,5572,4
88.95640754699707,691,0
88.99743509292603,691,0
89.00311613082886,691,0
89.0104808807373,8020,3
89.04981803894043,691,0
89.063223361969,691,0
89.0790467262268,4068,4
89.10701704025269,691,0
89.12333512306213,6324,3
89.16168093681335,691,0
89.16827297210693,4068,4
89.19515490531921,8404,3
89.23655724525452,691,0
89.31340146064758,5731,4
89.32113647460938,691,0
89.3411157131195,6723,3
89.35696578025818,691,0
89.36804747581482,9332,5
89.40710926055908,5012,4
89.41273331642151,691,0
89.42707753181458,691,0
89.45201086997986,5396,4
89.46106910705566,6148,3
89.49147939682007,691,0
89.51397514343262,3508,4
89.55147337913513,691,0
89.61608958244324,691,0
89.64289379119873,6516,3
89.69805264472961,691,0
89.70794463157654,691,0
89.77763938903809,691,0
89.80495953559875,46757,6
89.8438355922699,691,0
89.8751266002655,7076,3
89.94474458694458,1234,5
90.02958393096924,7460,3
90.03360962867737,691,0
90.10321402549744,691,0
90.11345624923706,691,0
90.13860821723938,691,0
90.18039083480835,691,0
90.18406176567078,691,0
90.22013926506042,6900,3
90.22786450386047,691,0
90.31255412101746,691,0
90.32694554328918,691,0
90.35512948036194,691,0
90.36485195159912,957,5
90.43934440612793,691,0
90.48135924339294,691,0
90.49045395851135,691,0
90.5067355632782,8404,3
90.5085985660553,691,0
90.54999899864197,10661,5
90.56625080108643,691,0
90.56647753715515,691,0
90.64503526687622,691,0
90.66070413589478,691,0
90.66677498817444,691,0
90.68483328819275,691,0
90.70184350013733,691,0
90.70481061935425,691,0
90.74978137016296,691,0
90.78593564033508,691,0
90.78947448730469,8580,3
90.83106875419617,691,0
90.88766026496887,691,0
90.92015933990479,7828,3
90.94896078109741,691,0
90.96472024917603,691,0
90.97465085983276,6900,3
90.99804043769836,18933,5
91.0006422996521,691,0
91.00721311569214,691,0
91.06482028961182,5572,4
91.08506941795349,691,0
91.1193687915802,5956,3
91.12070941925049,9778,5
91.12997531890869,691,0
91.1905746459961,4452,4
91.19340324401855,691,0
91.2253086566925,691,0
91.25521802902222,691,0
91.28124237060547,691,0
91.28217148780823,1420,5
91.35309767723083,691,0
91.43216109275818,691,0
91.43486642837524,15925,5
91.43846940994263,183896,1
91.43881630897522,4260,4
91.44495391845703,691,0
91.4461874961853,691,0
91.45038032531738,691,0
91.45391798019409,691,0
91.52789425849915,691,0
91.55721187591553,8404,3
91.59600734710693,691,0
91.60221886634827,3316,4
91.64639067649841,691,0
91.7230589389801,691,0
91.72530055046082,691,0
91.73014783859253,5707,4
91.76367783546448,691,0
91.78474521636963,46757,6
91.83136177062988,691,0
91.84525990486145,33029,2
91.86992287635803,691,0
91.88759064674377,8772,3
91.9529161453247,691,0
91.96419906616211,691,0
91.98832559585571,691,0
92.00666975975037,4068,4
92.04784965515137,870,5
92.06625533103943,691,0
92.07294011116028,6752,3
92.1359326839447,5012,4
92.15439629554749,11781,5
92.1916515827179,6900,3
92.23548364639282,691,0
92.24463033676147,5956,3
92.27109169960022,732,5
92.30432295799255,691,0
92.32348871231079,3140,4
92.33877348899841,691,0
92.34647846221924,1229,5
92.35245370864868,7076,3
92.52283215522766,691,0
92.52653050422668,691,0
92.53180837631226,1355,5
92.54032039642334,5396,4
92.55343770980835,691,0
92.57372808456421,691,0
92.64034128189087,691,0
92.67874908447266,8964,5
92.6977288722992,691,0
92.71464610099792,8964,5
92.77730870246887,4644,4
92.77926635742188,691,0
92.80532336235046,7460,3
92.82890295982361,691,0
92.88697171211243,691,0
92.89822602272034,9156,5
92.94498348236084,6900,3
92.95959973335266,691,0
92.97701358795166,691,0
92.9835638999939,691,0
93.03192281723022,3700,4
93.05201125144958,691,0
93.08193302154541,691,0
93.1123743057251,6324,3
93.16178917884827,691,0
93.19746446609497,691,0
93.20298528671265,4820,4
93.25551462173462,6516,3
93.26959943771362,691,0
93.2738471031189,691,0
93.29437851905823,4820,4
93.3407518863678,691,0
93.3892195224762,691,0
93.44494438171387,691,0
93.45534801483154,691,0
93.49085450172424,7268,3
93.51288890838623,691,0
93.58968901634216,691,0
93.59351444244385,691,0
93.61115169525146,691,0
93.62814426422119,691,0
93.62936854362488,5012,4
93.63218665122986,195091,1
93.66306638717651,691,0
93.66870546340942,691,0
93.7002444267273,691,0
93.70971870422363,5738,4
93.72386288642883,5956,3
93.76382970809937,5572,4
93.76547050476074,39989,6
93.77894163131714,691,0
93.81123304367065,691,0
93.84446358680725,5204,4
93.88586521148682,34840,2
93.90387082099915,3316,4
93.96535181999207,9780,5
93.97106051445007,2756,5
93.99241256713867,691,0
94.02283692359924,4820,4
94.03549718856812,691,0
94.09217596054077,691,0
94.0940580368042,691,0
94.14241242408752,691,0
94.15523910522461,691,0
94.17655754089355,691,0
94.19436168670654,691,0
94.20574307441711,4452,4
94.20887637138367,12917,5
94.26461362838745,691,0
94.31199431419373,691,0
94.36489129066467,691,0
94.38483715057373,691,0
94.46098828315735,691,0
94.4838330745697,5012,4
94.56796741485596,9524,5
94.57520318031311,691,0
94.58077573776245,4644,4
94.60886096954346,691,0
94.6296136379242,7828,3
94.67239093780518,5572,4
94.674644947052,691,0
94.72517132759094,691,0
94.73135685920715,691,0
94.80379915237427,691,0
94.82449793815613,691,0
94.84647297859192,5204,4
94.90274786949158,691,0
94.94079995155334,8020,3
94.9993736743927,4068,4
95.01880121231079,7652,3
95.05417656898499,1160,5
95.06219625473022,691,0
95.08347201347351,3316,4
95.10012602806091,1420,5
95.10090756416321,691,0
95.14535713195801,6723,3
95.15316319465637,5572,4
95.17174100875854,691,0
95.24189400672913,691,0
95.25318670272827,691,0
95.31282329559326,6516,3
95.31487679481506,4260,4
95.4067587852478,691,0
95.43879413604736,691,0
95.4647364616394,691,0
95.48268103599548,6324,3
95.52250623703003,9756,5
95.53118538856506,691,0
95.54930925369263,691,0
95.57755994796753,691,0
95.59939384460449,936,5
95.59958076477051,691,0
95.61106705665588,6900,3
95.63009023666382,5204,4
95.65674996376038,691,0
95.70471739768982,3892,4
95.73271036148071,12165,5
95.73817467689514,691,0
95.74255180358887,691,0
95.7453944683075,42936,6
95.77408838272095,5012,4
95.79140567779541,691,0
95.79597067832947,7828,3
95.86940002441406,691,0
95.87002921104431,691,0
95.91804242134094,4452,4
95.92840194702148,34088,2
95.98102831840515,4068,4
96.05154728889465,6516,3
96.06040096282959,691,0
96.0810968875885,691,0
96.10802006721497,2948,5
96.14974069595337,691,0
96.19084787368774,691,0
96.2279736995697,7460,3
96.23439455032349,691,0
96.26234865188599,691,0
96.323725938797,691,0
96.32706236839294,4068,4
96.35578632354736,691,0
96.42499303817749,691,0
96.45266938209534,691,0
96.50757694244385,691,0
96.54248714447021,7828,3
96.57297563552856,691,0
96.63789248466492,2756,5
96.63876795768738,9908,5
96.6424150466919,691,0
96.65133452415466,2756,5
96.68718194961548,4820,4
96.71193170547485,691,0
96.7483983039856,5749,4
96.74994540214539,691,0
96.79614973068237,6900,3
96.82243990898132,691,0
96.84095644950867,691,0
96.91465020179749,691,0
96.93542861938477,4644,4
96.95561122894287,7076,3
96.96831774711609,691,0
96.9793815612793,691,0
96.98337411880493,691,0
96.99909591674805,691,0
97.03188610076904,691,0
97.07055807113647,6324,3
97.10093259811401,691,0
97.10713219642639,691,0
97.10896563529968,5744,4
97.14608645439148,691,0
97.2135112285614,691,0
97.21788430213928,1043,5
97.23134970664978,691,0
97.24539160728455,7460,3
97.28212475776672,4068,4
97.28232550621033,691,0
97.33048176765442,9789,5
97.34202170372009,691,0
97.39941787719727,691,0
97.41279911994934,6761,3
97.4444808959961,691,0
97.46429705619812,5572,4
97.4946117401123,142,5
97.51667928695679,691,0
97.53208875656128,691,0
97.53377652168274,691,0
97.57039594650269,6516,3
97.5899178981781,691,0
97.60831236839294,4820,4
97.72732758522034,42936,6
97.73759889602661,691,0
97.73847985267639,9332,5
97.79645824432373,5012,4
97.81114506721497,691,0
97.81416440010071,6516,3
97.84644770622253,691,0
97.88084268569946,691,0
97.90320777893066,691,0
97.91855335235596,691,0
97.95952367782593,691,0
97.97711181640625,9332,5
97.98493432998657,6763,3
98.0050323009491,691,0
98.00715708732605,691,0
98.02778697013855,4260,4
98.03030157089233,691,0
98.03337168693542,691,0
98.04163122177124,8212,3
98.07875442504883,691,0
98.0794677734375,3892,4
98.09103059768677,691,0
98.09565758705139,10469,5
98.14373064041138,9524,5
98.15879583358765,691,0
98.18197226524353,691,0
98.2135820388794,4820,4
98.21899557113647,6753,3
98.2220938205719,52,5
98.25133228302002,691,0
98.28510451316833,2948,5
98.33092284202576,5396,4
98.33551716804504,691,0
98.34864854812622,691,0
98.35425019264221,691,0
98.35626697540283,691,0
98.35750484466553,691,0
98.37489151954651,6725,3
98.4071683883667,691,0
98.47185444831848,691,0
98.4763605594635,691,0
98.47888660430908,691,0
98.48737406730652,4644,4
98.53629159927368,691,0
98.54165577888489,4820,4
98.61013555526733,691,0
98.62724924087524,6516,3
98.68995952606201,7652,3
98.69261169433594,691,0
98.7672028541565,691,0
98.84527063369751,4260,4
98.84807991981506,691,0
98.86550617218018,691,0
98.86753106117249,431,5
98.86859273910522,6900,3
98.94276070594788,10837,5
98.94372487068176,6757,3
98.94907689094543,691,0
98.97843217849731,691,0
98.99911737442017,4260,4
99.0216691493988,691,0
99.08222508430481,691,0
99.12284922599792,691,0
99.12632536888123,8020,3
99.14557886123657,691,0
99.16762375831604,4068,4
99.20572876930237,691,0
99.20960235595703,691,0
99.21807670593262,691,0
99.22572875022888,691,0
99.23021697998047,11781,5
99.2546284198761,5572,4
99.276859998703,691,0
99.29998064041138,6324,3
99.32690191268921,4260,4
99.33216547966003,691,0
99.33288908004761,691,0
99.37420964241028,691,0
99.38947129249573,4820,4
99.38981652259827,691,0
99.41307282447815,691,0
99.44596290588379,691,0
99.45937871932983,7460,3
99.4804835319519,691,0
99.50080132484436,691,0
99.50712013244629,691,0
99.5484459400177,691,0
99.62964034080505,691,0
99.62989616394043,691,0
99.63212180137634,6516,3
99.65536260604858,691,0
99.70204067230225,9908,5
99.70834636688232,7076,3
99.70850443840027,47816,6
99.72867226600647,4260,4
99.73113465309143,691,0
99.74880266189575,691,0
99.76942253112793,2564,5
99.81608486175537,691,0
99.82355046272278,4452,4
99.84054756164551,691,0
99.89951419830322,6758,3
99.9483437538147,27381,2
99.9767553806305,3508,4
