Time,Size,Label
0.0,5396,4
0.010855674743652344,691,0
0.06309056282043457,6900,3
0.09317660331726074,691,0
0.11679315567016602,9332,5
0.13689279556274414,691,0
0.19240427017211914,34088,2
0.24377679824829102,14421,5
0.2549405097961426,691,0
0.3011488914489746,13477,5
0.31182265281677246,691,0
0.36568522453308105,14597,5
0.37646007537841797,691,0
0.43749189376831055,691,0
0.48013997077941895,15541,5
0.4978828430175781,1061,5
0.501147985458374,691,0
0.54366135597229,12341,5
0.5547804832458496,691,0
0.6003074645996094,11589,5
0.6114354133605957,691,0
0.6703999042510986,12533,5
0.6770064830780029,691,0
0.7281694412231445,12165,5
0.7389836311340332,691,0
0.7931995391845703,14037,5
0.8049135208129883,691,0
0.8484625816345215,16853,5
0.8581774234771729,691,0
0.8763854503631592,691,0
0.9036598205566406,18933,5
0.9126162528991699,691,0
0.965888261795044,14981,5
0.9763686656951904,691,0
1.0399835109710693,691,0
1.0828263759613037,16485,5
1.0920958518981934,691,0
1.144963026046753,9524,5
1.1548848152160645,691,0
1.200951099395752,9716,5
1.2139034271240234,1028,5
1.2216229438781738,691,0
1.2656581401824951,9716,5
1.272965669631958,691,0
1.3201804161071777,9908,5
1.3394498825073242,691,0
1.386904239654541,10277,5
1.3920221328735352,691,0
1.445422887802124,11029,5
1.4571917057037354,691,0
1.5005300045013428,8964,5
1.5200934410095215,691,0
1.5627145767211914,7460,3
1.5726208686828613,691,0
1.6372337341308594,691,0
1.679675817489624,8964,5
1.7006704807281494,691,0
1.7443499565124512,6516,3
1.7558939456939697,691,0
1.8015763759613037,7460,3
1.811866044998169,691,0
1.8650789260864258,7460,3
1.8760428428649902,691,0
1.9219255447387695,7268,3
1.9380841255187988,691,0
1.983865737915039,9156,5
1.995544195175171,691,0
2.04207444190979,13093,5
2.056023597717285,691,0
2.0639219284057617,691,0
2.1049537658691406,13093,5
2.1190381050109863,691,0
2.1617724895477295,36344,2
2.242766857147217,691,0
2.284942388534546,9332,5
2.295631170272827,691,0
2.3411874771118164,6708,3
2.3522226810455322,691,0
2.4038259983062744,7828,3
2.413278341293335,691,0
2.4240946769714355,691,0
2.458207607269287,9908,5
2.4774694442749023,691,0
2.52195143699646,12917,5
2.542076349258423,691,0
2.5848283767700195,8580,3
2.594886064529419,691,0
2.6404173374176025,8772,3
2.660432815551758,691,0
2.7036328315734863,8772,3
2.713578224182129,691,0
2.7649729251861572,8020,3
2.7820725440979004,691,0
2.8379595279693604,691,0
2.8805603981018066,6516,3
2.902778148651123,691,0
2.947948694229126,5396,4
2.959942102432251,691,0
2.973681926727295,691,0
3.0018906593322754,8964,5
3.015835762023926,691,0
3.0655689239501953,9716,5
3.076587677001953,691,0
3.1140005588531494,691,0
3.1841659545898438,15508,5
4.339629888534546,691,0
4.344295978546143,195091,6
4.503912925720215,5204,4
4.513949632644653,691,0
4.560546636581421,7652,3
4.572280645370483,691,0
4.637593507766724,691,0
4.680324554443359,13477,5
4.6944801807403564,445,5
4.703625679016113,691,0
4.7422614097595215,8020,3
4.768755912780762,691,0
4.801143646240234,7268,3
4.822754144668579,691,0
4.868004322052002,5204,4
4.875620126724243,691,0
4.920163154602051,8020,3
4.9325761795043945,691,0
4.984787940979004,5396,4
4.994948387145996,691,0
5.0385048389434814,7460,3
5.058615207672119,691,0
5.104601860046387,5956,3
5.114863395690918,691,0
5.163749933242798,8404,3
5.173781394958496,691,0
5.2341437339782715,691,0
5.287485361099243,12533,5
5.30077338218689,691,0
5.354251384735107,11781,5
5.35453462600708,197,5
5.356648683547974,691,0
5.399834632873535,8404,3
5.420125484466553,691,0
5.461651802062988,6516,3
5.4726479053497314,691,0
5.5352253913879395,7828,3
5.535519123077393,691,0
5.580294370651245,9332,5
5.599319219589233,691,0
5.643216133117676,11781,5
5.652567386627197,691,0
5.714647054672241,9908,5
5.715804576873779,691,0
5.78214693069458,8772,3
5.782455921173096,691,0
5.83500075340271,691,0
5.878139495849609,9716,5
5.900697469711304,691,0
5.94299840927124,5764,4
5.95648193359375,691,0
6.000742673873901,7652,3
6.019205093383789,691,0
6.061992645263672,6324,3
6.073828935623169,691,0
6.12676477432251,6148,3
6.1356706619262695,691,0
6.181740999221802,38232,2
6.244248867034912,6516,3
6.256533145904541,691,0
6.273647785186768,691,0
6.302226781845093,10277,5
6.320787668228149,691,0
6.364774942398071,9156,5
6.3768017292022705,691,0
6.441947937011719,691,0
6.48379921913147,8580,3
6.497277021408081,691,0
6.539973974227905,8580,3
6.562625169754028,691,0
6.618425369262695,6900,3
6.618581056594849,691,0
6.660020112991333,6900,3
6.680061340332031,691,0
6.7237772941589355,8580,3
6.732828855514526,691,0
6.796122312545776,7460,3
6.8034117221832275,691,0
6.843974828720093,6516,3
6.854001045227051,691,0
6.905563116073608,6148,3
6.9248878955841064,691,0
6.963924169540405,6148,3
6.97401762008667,691,0
7.057436227798462,691,0
7.080350875854492,8020,3
7.1011528968811035,691,0
7.143378734588623,6516,3
7.153842926025391,724,5
7.153900384902954,691,0
7.202134609222412,5572,4
7.212992191314697,691,0
7.2616283893585205,6900,3
7.279924154281616,691,0
7.326540470123291,7268,3
7.3336122035980225,691,0
7.382182359695435,9716,5
7.401481628417969,691,0
7.454229354858398,7460,3
7.45453143119812,220,5
7.4545738697052,691,0
7.501037120819092,3316,4
7.514987945556641,691,0
7.562993764877319,4068,4
7.573192119598389,691,0
7.635756969451904,691,0
7.677988290786743,8020,3
7.700016498565674,691,0
7.741601228713989,2948,5
7.763674020767212,691,0
7.798586130142212,4068,4
7.818942308425903,691,0
7.866456508636475,7076,3
7.8778791427612305,691,0
7.920016765594482,4820,4
7.9405107498168945,691,0
7.983243465423584,4068,4
7.994107246398926,691,0
8.048864841461182,6900,3
8.058056592941284,691,0
8.101664304733276,3700,4
8.12019944190979,691,0
8.175804853439331,39176,2
8.20630669593811,80,5
8.23492693901062,691,0
8.279757976531982,7652,3
8.293640613555908,412,5
8.301951885223389,691,0
8.344585657119751,6324,3
8.355022192001343,691,0
8.402006149291992,8580,3
8.421872854232788,691,0
8.463082313537598,4452,4
8.476739883422852,691,0
8.519524574279785,4260,4
8.539745330810547,691,0
8.583966732025146,6148,3
8.602226734161377,691,0
8.643918514251709,5396,4
8.663945436477661,691,0
8.69951868057251,7460,3
8.71898627281189,691,0
8.76601529121399,3316,4
8.776585102081299,691,0
8.842509031295776,691,0
8.884463548660278,5396,4
8.898183107376099,691,0
8.939902782440186,4452,4
8.964746952056885,691,0
9.002319812774658,6148,3
9.022403478622437,691,0
9.068506240844727,4452,4
9.073913812637329,691,0
9.119701147079468,6148,3
9.139879941940308,691,0
9.181600093841553,5204,4
9.200654745101929,691,0
9.24319839477539,6324,3
9.253719568252563,691,0
9.273728609085083,691,0
9.299524784088135,5204,4
9.323848724365234,691,0
9.363991498947144,6900,3
9.383970260620117,691,0
9.441507816314697,691,0
9.484373331069946,11973,5
9.497206926345825,691,0
9.538891315460205,3700,4
9.55965256690979,691,0
9.626329898834229,4644,4
9.626373291015625,691,0
9.665151834487915,6900,3
9.673805475234985,691,0
9.719460248947144,5764,4
9.733881950378418,1420,5
9.739654541015625,691,0
9.782310962677002,4452,4
9.801521301269531,691,0
9.844734191894531,4644,4
9.853877544403076,691,0
9.89676570892334,6900,3
9.913808584213257,1108,5
9.91997241973877,691,0
9.963352680206299,3700,4
9.974670648574829,691,0
10.04013466835022,691,0
10.082202434539795,6900,3
10.095268964767456,1108,5
10.10353684425354,691,0
10.153863430023193,3892,4
10.158484697341919,691,0
10.206382274627686,38792,2
10.263033390045166,4452,4
10.273966312408447,691,0
10.319491386413574,5764,4
10.333871603012085,1420,5
10.339750289916992,691,0
10.381992816925049,7652,3
10.40475082397461,691,0
10.4436936378479,6148,3
10.45400619506836,691,0
10.499937772750854,5204,4
10.520654439926147,691,0
10.563657760620117,6516,3
10.5740065574646,691,0
10.639853715896606,691,0
10.681613445281982,7828,3
10.703779458999634,691,0
10.743875741958618,4644,4
10.760292291641235,691,0
10.802962064743042,5764,4
10.81430196762085,691,0
10.859274864196777,4068,4
10.879516839981079,691,0
10.922287225723267,5572,4
10.9424729347229,691,0
10.985292196273804,7268,3
10.995178699493408,691,0
11.038671255111694,5572,4
11.058902978897095,691,0
11.102240562438965,7268,3
11.1213698387146,691,0
11.164217233657837,6900,3
11.17631721496582,691,0
11.243348598480225,691,0
11.277723550796509,6324,3
11.300023078918457,691,0
11.34100079536438,3892,4
11.361471891403198,691,0
11.404223203659058,9716,5
11.414582014083862,691,0
11.459228038787842,5572,4
11.47857141494751,691,0
11.51993703842163,4260,4
11.540567874908447,691,0
11.583224773406982,4820,4
11.602367401123047,691,0
11.64460825920105,5572,4
11.658025979995728,691,0
11.699790000915527,3508,4
11.720784187316895,691,0
11.762737512588501,4644,4
11.78205394744873,691,0
11.838374853134155,691,0
11.880629301071167,5956,3
11.90145492553711,691,0
11.943498849868774,3700,4
11.957877397537231,691,0
12.001447916030884,4644,4
12.02164626121521,691,0
12.066508531570435,6516,3
12.077438592910767,691,0
12.119626760482788,5012,4
12.138847351074219,691,0
12.183732032775879,36405,2
12.201808452606201,691,0
12.245961666107178,5572,4
12.25626015663147,691,0
12.301314353942871,5956,3
12.32161545753479,691,0
12.365008354187012,10469,5
12.373896598815918,333,5
12.374837875366211,691,0
12.444844722747803,691,0
12.480605125427246,5956,3
12.502729892730713,691,0
12.547235488891602,4452,4
12.555557489395142,691,0
12.599042177200317,5396,4
12.619149684906006,691,0
12.66107964515686,3892,4
12.681430101394653,691,0
12.724560976028442,6324,3
12.745612144470215,691,0
12.784452199935913,3316,4
12.79993724822998,691,0
12.84165334701538,3316,4
12.861880779266357,691,0
12.904142141342163,5396,4
12.915473461151123,691,0
12.959117889404297,5396,4
12.97914433479309,691,0
13.041020393371582,691,0
13.082476615905762,8212,3
13.103029727935791,691,0
13.139542818069458,6324,3
13.161856174468994,691,0
13.201301097869873,6324,3
13.227514505386353,691,0
13.266613006591797,6324,3
13.277028560638428,691,0
13.320066928863525,7460,3
13.34021520614624,691,0
13.382579803466797,6324,3
13.393728494644165,532,5
13.401818037033081,691,0
13.44379734992981,4820,4
13.454710245132446,691,0
13.497187376022339,5012,4
13.516468524932861,691,0
13.563420534133911,3700,4
13.574703931808472,691,0
13.640313625335693,691,0
13.682953834533691,8020,3
13.70564866065979,691,0
13.744472742080688,2948,5
13.757107973098755,691,0
13.809218406677246,4260,4
13.819417238235474,691,0
13.861433744430542,5396,4
13.881026268005371,691,0
13.923017263412476,6324,3
13.943201780319214,691,0
13.980979442596436,3508,4
13.998811483383179,691,0
14.04137897491455,3700,4
14.061738014221191,691,0
14.118905067443848,4260,4
14.119011163711548,1364,5
14.11904001235962,691,0
14.161980628967285,32277,2
14.18506669998169,691,0
14.241702795028687,691,0
14.297277450561523,4068,4
14.297419309616089,1172,5
14.304920673370361,691,0
14.338853597640991,3892,4
14.359415769577026,691,0
14.401606559753418,4260,4
14.42139220237732,691,0
14.463311672210693,4644,4
14.484331607818604,691,0
14.526383638381958,5396,4
14.535629987716675,691,0
14.578924179077148,4452,4
14.598268270492554,691,0
14.640317678451538,3508,4
14.660625219345093,691,0
14.702593803405762,3508,4
14.722919225692749,691,0
14.765648365020752,3316,4
14.776760816574097,691,0
14.838284254074097,691,0
14.88112735748291,4068,4
14.902976274490356,691,0
14.939109325408936,3700,4
14.960172891616821,691,0
15.002063512802124,3700,4
15.022368669509888,691,0
15.066278219223022,3508,4
15.077327966690063,691,0
15.119041681289673,3316,4
15.139415979385376,691,0
15.181581735610962,4260,4
15.201011896133423,691,0
15.242984056472778,4820,4
15.26338505744934,691,0
15.299844980239868,5764,4
15.319325923919678,691,0
15.360854864120483,5956,3
15.381466388702393,691,0
15.445226669311523,691,0
15.478981971740723,5204,4
15.498607635498047,691,0
15.540572166442871,4452,4
15.561372995376587,691,0
15.603354692459106,6708,3
15.624147891998291,691,0
15.660105466842651,8964,5
15.67992877960205,691,0
15.723613739013672,9908,5
15.741749048233032,691,0
15.784747123718262,5956,3
15.795300722122192,691,0
15.839596033096313,5396,4
15.859644412994385,691,0
15.904397249221802,4260,4
15.92587947845459,691,0
15.959179878234863,5572,4
15.97944164276123,691,0
16.0410897731781,691,0
16.083199501037598,5396,4
16.103784799575806,691,0
16.139875888824463,3316,4
16.160768270492554,691,0
16.205111503601074,27381,2
16.218929767608643,691,0
16.26271963119507,3316,4
16.283357858657837,691,0
16.318871021270752,3700,4
16.33957290649414,691,0
16.381362915039062,5012,4
16.400701999664307,691,0
16.44282817840576,5572,4
16.463573932647705,691,0
16.499711275100708,7268,3
16.519906520843506,691,0
16.562071323394775,5764,4
16.582091331481934,691,0
16.644878149032593,691,0
16.679622888565063,7076,3
16.70071244239807,691,0
16.7463161945343,6708,3
16.77136516571045,691,0
16.8037850856781,5396,4
16.82480216026306,691,0
16.862154245376587,6516,3
16.87380599975586,724,5
16.88416576385498,691,0
16.917953729629517,5012,4
16.93836212158203,691,0
16.981788635253906,10084,5
17.001016855239868,691,0
17.044116973876953,10661,5
17.06324601173401,691,0
17.102604627609253,6324,3
17.123367071151733,691,0
17.15868830680847,10084,5
17.181427001953125,691,0
17.24258542060852,691,0
17.284985065460205,7828,3
17.296742916107178,691,0
17.340888261795044,5572,4
17.36227774620056,691,0
17.40430760383606,11781,5
17.42404055595398,691,0
17.459044456481934,3700,4
17.479492664337158,691,0
17.521153926849365,2756,5
17.541606187820435,691,0
17.583776473999023,5396,4
17.59414005279541,1052,5
17.60440945625305,691,0
17.639615774154663,6516,3
17.659955501556396,691,0
17.704428911209106,4644,4
17.716301441192627,691,0
17.761197805404663,4644,4
17.780532598495483,691,0
17.84231948852539,691,0
17.88572645187378,10837,5
17.897392511367798,691,0
17.940768003463745,4452,4
17.96304488182068,691,0
18.004177808761597,5396,4
18.02500057220459,691,0
18.05847430229187,6324,3
18.078847646713257,691,0
18.12136220932007,6900,3
18.142004251480103,691,0
18.18758273124695,20997,2
18.198533535003662,691,0
18.247374057769775,6324,3
18.257129192352295,691,0
18.3004732131958,5764,4
18.321029901504517,691,0
18.363611698150635,5764,4
18.383756160736084,691,0
18.43883991241455,691,0
18.481411695480347,9716,5
18.50170397758484,691,0
18.544373512268066,8772,3
18.5579833984375,691,0
18.600953817367554,8964,5
18.62091374397278,691,0
18.66409182548523,3316,4
18.68514108657837,691,0
18.727519512176514,4260,4
18.738802433013916,691,0
18.788007020950317,4644,4
18.802576541900635,691,0
18.845295906066895,7268,3
18.864579439163208,691,0
18.899487018585205,3892,4
18.919286727905273,691,0
18.961755990982056,7460,3
18.981463193893433,691,0
19.042969703674316,691,0
19.085824251174927,7460,3
19.101221799850464,691,0
19.139241456985474,2948,5
19.160621643066406,691,0
19.203471422195435,4820,4
19.222556352615356,691,0
19.265216588974,6324,3
19.2850239276886,691,0
19.318989992141724,3508,4
19.334235668182373,612,5
19.339478015899658,691,0
19.381405115127563,6516,3
19.400769233703613,691,0
19.442494869232178,3508,4
19.463376998901367,691,0
19.506091356277466,6148,3
19.525567293167114,691,0
19.559715270996094,7268,3
19.579015731811523,691,0
19.641582489013672,691,0
19.68339467048645,7076,3
19.704251527786255,691,0
19.740267276763916,3140,4
19.761622190475464,691,0
19.80357527732849,6708,3
19.82413935661316,691,0
19.859570026397705,3892,4
19.879966259002686,691,0
19.92227292060852,6708,3
19.94143581390381,691,0
19.987314224243164,4452,4
19.99764585494995,691,0
20.04042673110962,9524,5
20.053801774978638,836,5
20.060906410217285,691,0
20.103672981262207,10277,5
20.124380111694336,691,0
20.162883520126343,33221,2
20.183640003204346,691,0
20.24608588218689,691,0
20.279923677444458,15173,5
20.299660444259644,691,0
20.34321141242981,8404,3
20.364339351654053,691,0
20.402901887893677,5572,4
20.423392295837402,691,0
20.46629047393799,10837,5
20.47677206993103,691,0
20.52144980430603,6708,3
20.54129981994629,691,0
20.584222555160522,4820,4
20.602418661117554,691,0
20.644988298416138,6148,3
20.665101528167725,691,0
20.70292067527771,4260,4
20.723692655563354,691,0
20.764141082763672,9332,5
20.78514528274536,691,0
20.845021963119507,691,0
20.87944746017456,11413,5
20.90057373046875,691,0
20.944536209106445,5396,4
20.96393060684204,691,0
20.999374866485596,7076,3
21.01941180229187,691,0
21.062598943710327,7828,3
21.073851108551025,588,5
21.082666635513306,691,0
21.12618398666382,8772,3
21.137381076812744,691,0
21.18077254295349,7076,3
21.199630737304688,691,0
21.241840362548828,5764,4
21.261098861694336,691,0
21.30382204055786,6708,3
21.32401943206787,691,0
21.359772205352783,5396,4
21.379952669143677,691,0
21.441604137420654,691,0
21.484001398086548,6516,3
21.50414204597473,691,0
21.542296409606934,8404,3
21.55415987968445,1164,5
21.565074682235718,691,0
21.59917688369751,3892,4
21.619596481323242,691,0
21.663885354995728,12165,5
21.68429160118103,691,0
21.719640016555786,3508,4
21.74004030227661,691,0
21.784393072128296,14037,5
21.802517414093018,691,0
21.84586000442505,5204,4
21.859219551086426,691,0
21.902372360229492,13093,5
21.923118591308594,691,0
21.969103813171387,6516,3
21.985753297805786,691,0
22.03857731819153,691,0
22.081422328948975,10661,5
22.102471351623535,691,0
22.144967079162598,6900,3
22.165632486343384,691,0
22.20787286758423,8212,3
22.229089975357056,691,0
22.26374626159668,11973,5
22.275007247924805,389,5
22.284589290618896,691,0
22.31860065460205,4068,4
22.338500499725342,691,0
22.385428190231323,7268,3
22.403220415115356,691,0
22.438769817352295,5012,4
22.45906400680542,691,0
22.50183367729187,5764,4
22.51436710357666,1420,5
22.523737907409668,691,0
22.56061625480652,7268,3
22.584961652755737,691,0
22.642303943634033,691,0
22.68520498275757,6516,3
22.704805850982666,691,0
22.748784065246582,4068,4
22.76295495033264,691,0
22.81376552581787,10277,5
22.832756996154785,691,0
22.874865770339966,6148,3
22.88494300842285,691,0
22.928420782089233,4644,4
22.9397075176239,691,0
22.98160147666931,6900,3
22.99498748779297,1108,5
23.002175092697144,691,0
23.04705810546875,5764,4
23.06427788734436,691,0
23.101060152053833,7076,3
23.120283603668213,691,0
23.162312030792236,4068,4
23.176013708114624,1172,5
23.182708978652954,691,0
23.24603247642517,691,0
23.278473138809204,5396,4
23.30893039703369,691,0
23.340977668762207,4068,4
23.36394739151001,691,0
23.402957916259766,13477,5
23.421009063720703,691,0
23.463019132614136,9908,5
23.485982656478882,691,0
23.52495574951172,5956,3
23.54339075088501,691,0
23.58633303642273,7460,3
23.60696816444397,691,0
23.646721124649048,2948,5
23.658308267593384,691,0
23.702486038208008,6900,3
23.715831518173218,1108,5
23.722660541534424,691,0
23.764472484588623,3892,4
23.78492045402527,691,0
23.838939905166626,691,0
23.883164644241333,15733,5
23.904129028320312,691,0
23.939666986465454,6516,3
23.962393283843994,691,0
24.004818439483643,9156,5
24.024250268936157,691,0
24.064586639404297,2948,5
24.08512830734253,691,0
24.121474981307983,6324,3
24.141660928726196,691,0
24.187254190444946,35477,2
24.204115867614746,691,0
24.241780519485474,2756,5
24.261999130249023,691,0
24.304131746292114,5012,4
24.324612617492676,691,0
24.36414861679077,7268,3
24.384480476379395,691,0
24.44822645187378,691,0
24.480429887771606,6516,3
24.50271487236023,691,0
24.543314218521118,4452,4
24.554219484329224,108,5
24.565574169158936,691,0
24.599578619003296,7460,3
24.62026619911194,691,0
24.663060188293457,5572,4
24.682271480560303,691,0
24.72744607925415,8964,5
24.73953938484192,691,0
24.78680109977722,6516,3
24.798158645629883,691,0
24.84420609474182,5012,4
24.866714000701904,691,0
24.900376319885254,5396,4
24.920403957366943,691,0
24.96340036392212,6324,3
24.97493553161621,532,5
24.983232498168945,691,0
25.040165424346924,691,0
25.079992532730103,4644,4
25.102368116378784,691,0
25.145516872406006,4452,4
25.166070699691772,691,0
25.20253849029541,6324,3
25.222522258758545,691,0
25.265843391418457,4820,4
25.285168647766113,691,0
25.328065633773804,7652,3
25.347305059432983,691,0
25.382787942886353,4820,4
25.400149822235107,691,0
25.446130514144897,6148,3
25.458277702331543,691,0
25.47415590286255,691,0
25.50078272819519,4820,4
25.52161455154419,691,0
25.56438684463501,6324,3
25.58426523208618,691,0
25.640461683273315,691,0
25.68218421936035,5956,3
25.703734636306763,691,0
25.739261150360107,4068,4
25.760079860687256,691,0
25.80246925354004,5572,4
25.822670459747314,691,0
25.86580467224121,7268,3
25.88607406616211,691,0
25.92848229408264,5012,4
25.93846607208252,691,0
25.983604192733765,6900,3
25.993969202041626,1108,5
25.999964952468872,691,0
26.045158863067627,4820,4
26.065000772476196,691,0
26.099814653396606,6148,3
26.119380235671997,691,0
26.162873029708862,23621,2
26.183207511901855,691,0
26.2447829246521,691,0
26.281137466430664,7268,3
26.30075740814209,691,0
26.342880249023438,3892,4
26.363168001174927,691,0
26.405949115753174,5956,3
26.425819873809814,691,0
26.46367359161377,3508,4
26.473867177963257,612,5
26.484206438064575,691,0
26.526968955993652,5012,4
26.547195434570312,691,0
26.579628705978394,6516,3
26.598793745040894,691,0
26.646504402160645,4644,4
26.666728734970093,691,0
26.70043158531189,6708,3
26.720451593399048,691,0
26.7691068649292,4260,4
26.780537843704224,691,0
26.84131121635437,691,0
26.883857250213623,8020,3
26.90396547317505,691,0
26.9393892288208,4644,4
26.961238861083984,691,0
27.00337314605713,8020,3
27.01436710357666,780,5
27.02410364151001,691,0
27.059494256973267,6148,3
27.08147692680359,691,0
27.123188972473145,5012,4
27.14371681213379,691,0
27.175907850265503,6900,3
27.20513153076172,691,0
27.240198135375977,5204,4
27.25951337814331,691,0
27.30258083343506,8580,3
27.32376766204834,691,0
27.365427017211914,6900,3
27.38530707359314,691,0
27.448917627334595,691,0
27.48125982284546,8404,3
27.502201318740845,691,0
27.541682243347168,4068,4
27.564208269119263,691,0
27.600199937820435,5572,4
27.61897301673889,691,0
27.661158800125122,6708,3
27.681069374084473,691,0
27.72417449951172,4452,4
27.73376965522766,108,5
27.74424982070923,691,0
27.783808946609497,6148,3
27.80146074295044,691,0
27.843698263168335,3892,4
27.863524675369263,691,0
27.90250825881958,5204,4
27.924788236618042,691,0
27.96053957939148,6708,3
27.97961664199829,691,0
28.041142463684082,691,0
28.08323907852173,5956,3
28.104166269302368,691,0
28.146607160568237,3140,4
28.167017936706543,691,0
28.20560383796692,28709,2
28.22564458847046,691,0
28.259986877441406,5396,4
28.28022289276123,691,0
28.323510885238647,8212,3
28.343136310577393,691,0
28.385696172714233,5956,3
28.40554714202881,691,0
28.448074102401733,5956,3
28.458895206451416,691,0
28.501723527908325,9156,5
28.522449254989624,691,0
28.564774751663208,5956,3
28.586169242858887,691,0
28.649506330490112,691,0
28.681817531585693,9908,5
28.70292019844055,691,0
28.747185230255127,4820,4
28.771894693374634,691,0
28.804247856140137,7268,3
28.825265884399414,691,0
28.86239242553711,4068,4
28.883724689483643,691,0
28.917611598968506,6148,3
28.94921112060547,691,0
28.98185658454895,3316,4
29.001383543014526,691,0
29.043291091918945,4820,4
29.064055919647217,691,0
29.102280139923096,6324,3
29.12235450744629,691,0
29.164100170135498,4452,4
29.18677043914795,691,0
29.24992060661316,691,0
29.282306909561157,9716,5
29.303519010543823,691,0
29.34280228614807,6324,3
29.36316704750061,691,0
29.400519371032715,6900,3
29.42072629928589,691,0
29.46920347213745,5572,4
29.48830795288086,691,0
29.52506709098816,7076,3
29.545753717422485,691,0
29.583643198013306,5764,4
29.60310196876526,691,0
29.645944118499756,7828,3
29.66542363166809,691,0
29.70062494277954,6516,3
29.72000026702881,691,0
29.762614965438843,5396,4
29.782387018203735,691,0
29.844115018844604,691,0
29.879615545272827,9156,5
29.91097116470337,691,0
29.9418625831604,5396,4
29.964564085006714,691,0
30.004644870758057,6900,3
30.024758100509644,691,0
30.06005358695984,5396,4
30.101006269454956,691,0
30.125590085983276,8404,3
30.14688754081726,691,0
30.185627460479736,26261,2
30.200719356536865,691,0
30.243611812591553,6148,3
30.266163110733032,691,0
30.300053119659424,5396,4
30.320192575454712,691,0
30.366019248962402,6516,3
30.38319158554077,691,0
30.440579652786255,691,0
30.482596397399902,4820,4
30.504120588302612,691,0
30.53978419303894,3892,4
30.56221914291382,691,0
30.60410714149475,8404,3
30.62546968460083,691,0
30.663129806518555,3892,4
30.68388295173645,691,0
30.71903705596924,6516,3
30.739623308181763,691,0
30.786123037338257,3700,4
30.801084756851196,691,0
30.84361219406128,6324,3
30.86370873451233,691,0
30.90010643005371,5204,4
30.920170545578003,691,0
30.962024688720703,8772,3
30.984949111938477,691,0
31.048496961593628,691,0
31.082725048065186,8020,3
31.103543519973755,691,0
31.139437913894653,4260,4
31.170135498046875,691,0
31.202292442321777,6148,3
31.222485542297363,691,0
31.265921592712402,4452,4
31.286394119262695,691,0
31.328819513320923,5572,4
31.34944486618042,691,0
31.382123708724976,7460,3
31.401474237442017,691,0
31.44297480583191,3892,4
31.46353554725647,691,0
31.500297784805298,5572,4
31.522292852401733,691,0
31.56263279914856,6324,3
31.582820892333984,691,0
31.64514923095703,691,0
31.687673568725586,6708,3
31.709739685058594,691,0
31.73955488204956,2756,5
31.760162591934204,691,0
31.802223920822144,4820,4
31.824153184890747,691,0
31.855802059173584,6708,3
31.886889219284058,691,0
31.919126987457275,4260,4
31.934041500091553,1364,5
31.939798831939697,691,0
31.982187747955322,6708,3
32.0030574798584,691,0
32.04594111442566,5396,4
32.06597971916199,691,0
32.10141849517822,10661,5
32.12147665023804,883,5
32.16602683067322,29269,2
32.18770122528076,691,0
32.24081873893738,691,0
32.283281564712524,10837,5
32.30261850357056,691,0
32.34468650817871,6708,3
32.36645221710205,691,0
32.40186357498169,9524,5
32.42222213745117,691,0
32.464943408966064,6900,3
32.48468589782715,691,0
32.520792722702026,4260,4
32.54059720039368,691,0
32.58258819580078,3892,4
32.60197734832764,691,0
32.64289855957031,4820,4
32.65400457382202,476,5
32.66239809989929,691,0
32.70715379714966,5396,4
32.72757434844971,691,0
32.76542043685913,6900,3
32.785649061203,691,0
32.840564250946045,691,0
32.882123947143555,4820,4
32.90187644958496,691,0
32.94628286361694,5396,4
32.95561623573303,1052,5
32.964568853378296,691,0
33.00315809249878,7460,3
33.02342486381531,691,0
33.06022906303406,4452,4
33.08012104034424,691,0
33.12232971191406,5956,3
33.142465591430664,691,0
33.18460297584534,3892,4
33.205132722854614,691,0
33.238638162612915,5764,4
33.268728256225586,691,0
33.30178761482239,8964,5
33.32175636291504,691,0
33.365861654281616,4260,4
33.38428020477295,691,0
33.449803829193115,691,0
33.48106050491333,7828,3
33.50168323516846,691,0
33.54138946533203,3316,4
33.572235107421875,691,0
33.59837293624878,5956,3
33.62893748283386,691,0
33.66612720489502,3892,4
33.67772030830383,996,5
33.68352198600769,691,0
33.72207164764404,6324,3
33.74400329589844,691,0
33.78446674346924,4260,4
33.80630707740784,691,0
33.840508699417114,7076,3
33.86063361167908,691,0
33.90261673927307,4452,4
33.922974586486816,691,0
33.96692991256714,7652,3
33.985291719436646,691,0
34.04185938835144,691,0
34.08813166618347,9716,5
34.10506534576416,691,0
34.13828659057617,8020,3
34.16901659965515,691,0
34.203500509262085,41109,6
34.2248911857605,691,0
34.264007806777954,5764,4
34.28442978858948,691,0
34.325352907180786,4452,4
34.345635652542114,691,0
34.39140725135803,6708,3
34.39414739608765,916,5
34.40840172767639,691,0
34.44095039367676,4068,4
34.46137309074402,691,0
34.50440239906311,5956,3
34.52556395530701,691,0
34.559619188308716,2196,5
34.58100080490112,691,0
34.64519119262695,691,0
34.6789186000824,6708,3
34.70896315574646,691,0
34.74266576766968,5764,4
34.768961668014526,691,0
34.80164980888367,5012,4
34.82209515571594,691,0
34.86413836479187,6900,3
34.88782000541687,691,0
34.923725843429565,4820,4
34.94461941719055,691,0
34.980637311935425,6900,3
35.00350379943848,691,0
35.04278755187988,5012,4
35.064677715301514,691,0
35.10855770111084,6900,3
35.128690242767334,691,0
35.1606822013855,5012,4
35.1808762550354,691,0
35.24378561973572,691,0
35.280972957611084,9332,5
35.30550003051758,691,0
35.34449243545532,4644,4
35.36643123626709,691,0
35.412572622299194,5764,4
35.41410994529724,1420,5
35.42222881317139,691,0
35.46389150619507,3508,4
35.484466314315796,691,0
35.52025890350342,4820,4
35.54058814048767,691,0
35.583101749420166,6148,3
35.60253190994263,691,0
35.644078493118286,3140,4
35.66372013092041,691,0
35.702661991119385,6324,3
35.72276258468628,691,0
35.76592946052551,5012,4
35.78676652908325,691,0
35.85007572174072,691,0
35.88424038887024,9332,5
35.90427923202515,691,0
35.94218611717224,7460,3
35.96256637573242,691,0
36.00458240509033,6324,3
36.02469563484192,691,0
36.060165882110596,5012,4
36.08059024810791,691,0
36.12620782852173,6324,3
36.13473629951477,532,5
36.14478921890259,691,0
36.189244985580444,45368,6
36.242891788482666,4452,4
36.26327705383301,691,0
36.299246311187744,7076,3
36.32805323600769,691,0
36.36026930809021,4644,4
36.390774726867676,691,0
36.442211389541626,691,0
36.48544526100159,7268,3
36.51127815246582,691,0
36.542213916778564,2564,5
36.57282066345215,691,0
36.604615926742554,5572,4
36.625263690948486,691,0
36.66219425201416,8404,3
36.682790756225586,691,0
36.725586891174316,7268,3
36.745617628097534,691,0
36.78500723838806,5204,4
36.81073069572449,691,0
36.84261918067932,7652,3
36.86495923995972,691,0
36.90120887756348,4820,4
36.921616554260254,691,0
36.9642653465271,7652,3
36.9739670753479,412,5
36.984402894973755,691,0
37.043153047561646,691,0
37.08376955986023,6516,3
37.10463500022888,691,0
37.13969159126282,7076,3
37.17083406448364,691,0
37.20208168029785,4452,4
37.22524285316467,691,0
37.25931429862976,4644,4
37.29044318199158,691,0
37.32256245613098,5956,3
37.34275221824646,691,0
37.38458442687988,4260,4
37.40492844581604,691,0
37.440409660339355,5572,4
37.46079444885254,691,0
37.502989530563354,7460,3
37.525221824645996,691,0
37.55801558494568,4260,4
37.58842658996582,691,0
37.64990186691284,691,0
37.681905031204224,8212,3
37.703612327575684,691,0
37.74134707450867,3316,4
37.763596534729004,691,0
37.79978060722351,4644,4
37.82091188430786,691,0
37.863221883773804,4820,4
37.87393641471863,476,5
37.88344144821167,691,0
37.92588710784912,8020,3
37.94640898704529,691,0
37.98893094062805,4820,4
38.00842761993408,691,0
38.040018796920776,7828,3
38.071139097213745,691,0
38.104777812957764,5396,4
38.1256103515625,691,0
38.17249345779419,57976,6
38.24268984794617,691,0
38.277207374572754,5012,4
38.30712938308716,691,0
38.33959245681763,6708,3
38.37141180038452,691,0
38.403541564941406,4820,4
38.42379689216614,691,0
38.45946764945984,6708,3
38.48346161842346,691,0
38.52095890045166,4260,4
38.54227066040039,691,0
38.58427119255066,6708,3
38.60673213005066,691,0
38.6395480632782,4452,4
38.66996192932129,691,0
38.702293395996094,7076,3
38.72244429588318,691,0
38.77750778198242,4260,4
38.788790225982666,691,0
38.850120067596436,691,0
38.881532430648804,8020,3
38.89425444602966,780,5
38.904643297195435,691,0
38.93961548805237,3316,4
38.97038817405701,691,0
39.00280952453613,5012,4
39.023433685302734,691,0
39.065767765045166,8772,3
39.08671855926514,691,0
39.119990825653076,10837,5
39.14199113845825,691,0
39.18397402763367,7828,3
39.20374512672424,691,0
39.23960328102112,4820,4
39.26928353309631,691,0
39.301682233810425,6708,3
39.321921586990356,691,0
39.3645441532135,4452,4
39.38493752479553,691,0
39.44649958610535,691,0
39.47919774055481,8964,5
39.5095477104187,691,0
39.54072618484497,5012,4
39.5706262588501,691,0
39.602651834487915,6516,3
39.61418437957764,724,5
39.62320065498352,691,0
39.66613531112671,3892,4
39.686527252197266,691,0
39.720165491104126,5572,4
39.75027012825012,691,0
39.782517194747925,7076,3
39.80170464515686,691,0
39.843644857406616,4068,4
39.863049030303955,691,0
39.90547037124634,6324,3
39.92396354675293,532,5
39.92575025558472,691,0
39.959887981414795,3700,4
39.99118685722351,691,0
40.04251956939697,691,0
40.08467364311218,6708,3
40.106995820999146,691,0
40.13987612724304,2004,5
40.17044544219971,691,0
40.20601177215576,45752,6
40.26654934883118,6148,3
40.28727436065674,691,0
40.32249855995178,5956,3
40.34276461601257,691,0
40.38515377044678,5572,4
40.40535926818848,691,0
40.441717863082886,5012,4
40.46199059486389,691,0
40.50658369064331,7268,3
40.526578426361084,883,5
40.561057806015015,4820,4
40.581467390060425,691,0
40.643550157547,691,0
40.686070919036865,9524,5
40.70779538154602,691,0
40.73978352546692,4260,4
40.77753138542175,691,0
40.79961037635803,5956,3
40.81401610374451,164,5
40.83054876327515,691,0
40.86277508735657,4068,4
40.88299083709717,691,0
40.92557692527771,6516,3
40.94562911987305,691,0
40.979626417160034,4452,4
41.00977063179016,691,0
41.04262566566467,6900,3
41.062625885009766,691,0
41.10601449012756,4260,4
41.12617611885071,691,0
41.15986156463623,6516,3
41.19001269340515,691,0
41.245563983917236,691,0
41.28846311569214,5572,4
41.3110146522522,691,0
41.342806816101074,3140,4
41.354018449783325,244,5
41.36455512046814,691,0
41.39819025993347,4644,4
41.42910933494568,691,0
41.46163034439087,6516,3
41.474146366119385,724,5
41.482492446899414,691,0
41.52322316169739,3508,4
41.54385590553284,691,0
41.587242603302,5396,4
41.60707926750183,691,0
41.64047956466675,6148,3
41.66355109214783,691,0
41.698450803756714,3892,4
41.73127460479736,691,0
41.76141047477722,4820,4
41.78220820426941,691,0
41.84346795082092,691,0
41.88878011703491,11221,5
41.909618854522705,691,0
41.94192385673523,6708,3
41.97251892089844,691,0
42.0000057220459,5764,4
42.03031826019287,691,0
42.063279151916504,4260,4
42.07438087463379,1364,5
42.08324193954468,691,0
42.12571978569031,5204,4
42.145636320114136,691,0
42.187143325805664,45192,6
42.245461225509644,2948,5
42.26562857627869,691,0
42.30056118965149,5012,4
42.329800844192505,691,0
42.36242175102234,8020,3
42.382423639297485,691,0
42.445096015930176,691,0
42.48720407485962,4820,4
42.50764274597168,691,0
42.540581941604614,10837,5
42.572635650634766,691,0
42.605494022369385,9908,5
42.625959157943726,691,0
42.65932083129883,5956,3
42.68882489204407,691,0
42.720895528793335,5572,4
42.751144886016846,691,0
42.79092860221863,4452,4
42.80328989028931,691,0
42.84578537940979,6516,3
42.86586880683899,691,0
42.89984130859375,5012,4
42.92569899559021,691,0
42.96844840049744,7652,3
42.98970293998718,691,0
43.05389928817749,691,0
43.08792209625244,7268,3
43.10840702056885,691,0
43.13986396789551,2564,5
43.17117881774902,691,0
43.20276761054993,3140,4
43.22325301170349,691,0
43.26803278923035,6516,3
43.287758588790894,691,0
43.32015132904053,3316,4
43.35041785240173,691,0
43.38244366645813,4820,4
43.40223550796509,691,0
43.44475197792053,6148,3
43.46457266807556,691,0
43.504597425460815,3508,4
43.526663303375244,691,0
43.559999227523804,4644,4
43.59047722816467,691,0
43.652687788009644,691,0
43.68531942367554,8212,3
43.706188678741455,691,0
43.737842321395874,4068,4
43.769323110580444,691,0
43.80155158042908,6148,3
43.81419539451599,356,5
43.822585105895996,691,0
43.86402606964111,2388,5
43.88445162773132,691,0
43.92125654220581,4068,4
43.94246816635132,691,0
43.98448896408081,7652,3
44.006622552871704,691,0
44.03967785835266,5204,4
44.069263219833374,691,0
44.10232996940613,4452,4
44.125049352645874,108,5
44.125113010406494,691,0
44.16504764556885,46757,6
44.18868613243103,691,0
44.244855642318726,691,0
44.27948570251465,8772,3
44.30890107154846,691,0
44.34078931808472,5764,4
44.37278199195862,691,0
44.40472912788391,5764,4
44.42616605758667,691,0
44.46317791938782,4820,4
44.48445105552673,691,0
44.51907444000244,5204,4
44.54946947097778,691,0
44.583425521850586,6900,3
44.602426052093506,691,0
44.64427185058594,4260,4
44.65421414375305,1364,5
44.665515184402466,691,0
44.701207876205444,6324,3
44.722453355789185,691,0
44.76995301246643,4644,4
44.7910430431366,691,0
44.852776527404785,691,0
44.885894775390625,9332,5
44.90633010864258,691,0
44.94235014915466,4452,4
44.963172912597656,691,0
45.00465941429138,6516,3
45.02459955215454,724,5
45.02660799026489,691,0
45.060452938079834,4068,4
45.09155774116516,691,0
45.124061822891235,6148,3
45.14445614814758,691,0
45.18704080581665,3508,4
45.207494258880615,691,0
45.24365758895874,5012,4
45.26394438743591,691,0
45.2985737323761,5396,4
45.32891917228699,691,0
45.36158728599548,6324,3
45.39158773422241,691,0
45.44302439689636,691,0
45.48553013801575,6708,3
45.507049560546875,691,0
45.541099309921265,6900,3
45.57379722595215,691,0
45.60343813896179,4820,4
45.62423872947693,691,0
45.665393590927124,8404,3
45.689183950424194,691,0
45.721190452575684,6708,3
45.74279427528381,691,0
45.78495454788208,4644,4
45.80646228790283,691,0
45.839935064315796,6148,3
45.87000107765198,691,0
45.9059898853302,4820,4
45.926222801208496,691,0
45.96045112609863,6324,3
45.99079990386963,691,0
46.053415060043335,691,0
46.0852210521698,6148,3
46.10576248168945,691,0
46.140647649765015,3316,4
46.17143702507019,691,0
46.205997467041016,34840,2
46.262155294418335,3316,4
46.28271722793579,691,0
46.32589554786682,4820,4
46.34624195098877,691,0
46.38112187385559,5572,4
46.4107620716095,691,0
46.44264340400696,4260,4
46.46292209625244,691,0
46.505194902420044,5396,4
46.525203704833984,691,0
46.56248474121094,6708,3
46.58315086364746,691,0
46.64680600166321,691,0
46.68756413459778,5396,4
46.7092490196228,691,0
46.74003529548645,5396,4
46.777045011520386,691,0
46.8096821308136,6324,3
46.82941746711731,691,0
46.86166477203369,4068,4
46.89102053642273,691,0
46.92320156097412,5204,4
46.94341206550598,691,0
46.980669021606445,7076,3
47.00858736038208,691,0
47.04297947883606,5396,4
47.06359076499939,691,0
47.106163024902344,8404,3
47.12651705741882,691,0
47.16062140464783,5764,4
47.19117212295532,691,0
47.25441646575928,691,0
47.27810764312744,10277,5
47.30807542800903,691,0
47.34014129638672,4260,4
47.370983600616455,691,0
47.40186619758606,5396,4
47.42314076423645,691,0
47.46632695198059,7460,3
47.486546754837036,691,0
47.52046179771423,4820,4
47.55157923698425,691,0
47.58328652381897,7828,3
47.603437662124634,691,0
47.64595079421997,5204,4
47.66603207588196,691,0
47.70457887649536,8020,3
47.72481822967529,691,0
47.75935387611389,4820,4
47.80275630950928,691,0
47.85343360900879,691,0
47.88596749305725,9524,5
47.90683674812317,691,0
47.94212889671326,4644,4
47.9734160900116,691,0
48.009419202804565,7268,3
48.026015758514404,28,5
48.02607989311218,691,0
48.06128811836243,4452,4
48.09161710739136,691,0
48.12442469596863,5956,3
48.147613286972046,691,0
48.18802499771118,37541,2
48.20727276802063,691,0
48.24737048149109,2388,5
48.267881870269775,691,0
48.30401921272278,10837,5
48.31929922103882,701,5
48.32420492172241,691,0
48.36071515083313,10661,5
48.391149044036865,691,0
48.453866481781006,691,0
48.47892951965332,5956,3
48.50994539260864,691,0
48.54206442832947,6148,3
48.57350707054138,691,0
48.60515785217285,3700,4
48.625736713409424,691,0
48.65790247917175,6148,3
48.68826389312744,691,0
48.720633029937744,4452,4
48.75096297264099,691,0
48.793646812438965,6900,3
48.80587315559387,691,0
48.84150290489197,3892,4
48.87212085723877,691,0
48.90416431427002,5764,4
48.92346000671387,691,0
48.9605438709259,6900,3
48.99003481864929,691,0
49.05072021484375,691,0
49.08280277252197,6900,3
49.11405324935913,691,0
49.14387321472168,3700,4
49.16478085517883,691,0
49.20687174797058,5204,4
49.2260959148407,691,0
49.26845932006836,6148,3
49.288490772247314,691,0
49.32031321525574,3892,4
49.3502893447876,691,0
49.382455825805664,5572,4
49.41228437423706,691,0
49.444868326187134,7828,3
49.46605634689331,691,0
49.50417494773865,3892,4
49.526461601257324,691,0
49.56059670448303,5396,4
49.59213900566101,691,0
49.65373492240906,691,0
49.67887783050537,12165,5
49.71127247810364,691,0
49.74344277381897,4644,4
49.764097452163696,691,0
49.81314563751221,6516,3
49.82380700111389,691,0
49.86919951438904,6148,3
49.8900363445282,691,0
49.92485690116882,4644,4
49.952064037323,691,0
49.98410367965698,7268,3
50.003570318222046,691,0
50.04048442840576,5012,4
50.07113766670227,691,0
50.10394501686096,7652,3
50.124366760253906,691,0
50.162078857421875,39989,6
50.18625211715698,691,0
50.252859115600586,691,0
50.285051345825195,8212,3
50.3069212436676,691,0
50.339463233947754,4260,4
50.37139701843262,691,0
50.404115200042725,6708,3
50.424060106277466,691,0
50.461801290512085,4644,4
50.49201011657715,691,0
50.52420949935913,7076,3
50.5455756187439,691,0
50.58400106430054,4820,4
50.613643646240234,691,0
50.641401052474976,7652,3
50.668041706085205,691,0
50.70036959648132,4820,4
50.72396206855774,691,0
50.76701045036316,8020,3
50.788801193237305,691,0
50.85010313987732,691,0
50.88197946548462,5956,3
50.91458606719971,691,0
50.940059423446655,3140,4
50.973957777023315,691,0
51.0016348361969,4068,4
51.03206133842468,691,0
51.06441307067871,4820,4
51.08505034446716,691,0
51.12020993232727,5572,4
51.15183138847351,691,0
51.18136811256409,5764,4
51.21081876754761,691,0
51.2431914806366,4820,4
51.26394200325012,691,0
51.30795073509216,7076,3
51.32711458206177,691,0
51.36527752876282,5396,4
51.387266874313354,691,0
51.45162606239319,691,0
51.483725786209106,6708,3
51.50592255592346,691,0
51.539979457855225,3508,4
51.57270383834839,691,0
51.60455346107483,5204,4
51.62528729438782,691,0
51.66800618171692,6516,3
51.68808150291443,691,0
51.72050452232361,4644,4
51.75023913383484,691,0
51.78405451774597,6148,3
51.79414916038513,356,5
51.81175637245178,691,0
51.84371900558472,4260,4
51.8641254901886,691,0
51.900803565979004,5764,4
51.93088912963867,691,0
51.96277332305908,4068,4
51.98425102233887,691,0
52.0478994846344,691,0
52.08041071891785,8020,3
52.110907316207886,691,0
52.14359474182129,5012,4
52.17639875411987,691,0
52.20878744125366,44501,6
52.2298583984375,691,0
52.26147127151489,4260,4
52.29230713844299,691,0
52.32426357269287,5572,4
52.334306955337524,1228,5
52.344701290130615,691,0
52.38196611404419,5204,4
52.4084267616272,691,0
52.44537568092346,6516,3
52.46658134460449,691,0
52.50528526306152,4820,4
52.5256187915802,691,0
52.559842109680176,5956,3
52.590887784957886,691,0
52.65238332748413,691,0
52.68472075462341,7652,3
52.70802974700928,691,0
52.74194574356079,7268,3
52.77905821800232,691,0
52.80046224594116,4644,4
52.83070421218872,691,0
52.8658709526062,5764,4
52.886229276657104,691,0
52.91805672645569,2948,5
52.93482708930969,52,5
52.94832444190979,691,0
52.98163938522339,5204,4
53.01095628738403,691,0
53.04343628883362,6900,3
53.064974546432495,691,0
53.10323452949524,4068,4
53.13282060623169,691,0
53.16601061820984,5956,3
53.185574769973755,691,0
53.24962639808655,691,0
53.28178071975708,6148,3
53.31279516220093,691,0
53.34397006034851,2948,5
53.36514639854431,691,0
53.40144658088684,4260,4
53.43198609352112,691,0
53.464112997055054,5204,4
53.485233306884766,691,0
53.52876424789429,7652,3
53.54912972450256,691,0
53.5814528465271,3700,4
53.61076378822327,691,0
53.64346385002136,6148,3
53.67391753196716,691,0
53.69868302345276,5012,4
53.72918939590454,691,0
53.76140642166138,6708,3
53.79261612892151,691,0
53.854572057724,691,0
53.887402057647705,7460,3
53.90790629386902,691,0
53.940476179122925,4260,4
53.97147250175476,691,0
54.00352144241333,6148,3
54.03394174575806,691,0
54.067368030548096,3508,4
54.088533878326416,691,0
54.12267231941223,9716,5
54.153156757354736,691,0
54.18914175033569,48261,6
54.209617614746094,691,0
54.245126724243164,9716,5
54.25432252883911,1028,5
54.264922857284546,691,0
54.301960945129395,11413,5
54.33246040344238,691,0
54.36475205421448,12165,5
54.38550877571106,691,0
54.449562311172485,691,0
54.48222994804382,15925,5
54.51245474815369,691,0
54.544384717941284,9332,5
54.56725311279297,691,0
54.60116648674011,7460,3
54.63354134559631,691,0
54.663243532180786,6324,3
54.69331431388855,691,0
54.7257661819458,4820,4
54.74429702758789,476,5
54.745728731155396,691,0
54.7908501625061,7268,3
54.813408613204956,691,0
54.84532070159912,4644,4
54.865591287612915,691,0
54.89978504180908,7076,3
54.929903745651245,691,0
54.963096618652344,4644,4
54.97459650039673,300,5
54.99326014518738,691,0
55.0506010055542,691,0
55.08328413963318,9332,5
55.11402177810669,691,0
55.141721963882446,4068,4
55.172455072402954,691,0
55.20464086532593,6708,3
55.224865198135376,691,0
55.26766061782837,5204,4
55.28797245025635,691,0
55.32129502296448,7076,3
55.353617906570435,691,0
55.38603448867798,6708,3
55.4072790145874,691,0
55.44172406196594,5012,4
55.47235870361328,691,0
55.505820751190186,6708,3
55.52507281303406,691,0
55.560195446014404,5764,4
55.594407081604004,691,0
55.65216851234436,691,0
55.690574169158936,12341,5
55.713886976242065,691,0
55.740888357162476,7268,3
55.77163910865784,691,0
55.803123474121094,4644,4
55.834165811538696,691,0
55.858943939208984,5572,4
55.896756410598755,691,0
55.922964334487915,8020,3
55.95374083518982,691,0
56.006709814071655,4260,4
56.006855726242065,1364,5
56.0161247253418,691,0
56.038846015930176,8212,3
56.06912684440613,691,0
56.10368466377258,5572,4
56.1314160823822,691,0
56.16928315162659,42936,6
56.25236201286316,691,0
56.284549713134766,6148,3
56.306626081466675,691,0
56.340187311172485,4068,4
56.375510931015015,691,0
56.41297006607056,5012,4
56.41423988342285,668,5
56.42490482330322,691,0
56.460153579711914,4820,4
56.49139142036438,691,0
56.523884534835815,6516,3
56.546733379364014,691,0
56.58288240432739,5764,4
56.61125063896179,691,0
56.643412351608276,5204,4
56.673383951187134,691,0
56.6961624622345,6516,3
56.730499029159546,691,0
56.77108931541443,4644,4
56.78569531440735,300,5
56.7904486656189,691,0
56.85243821144104,691,0
56.88747954368591,7652,3
56.91799283027649,691,0
56.94230604171753,3508,4
56.976722240448,691,0
57.000487089157104,5204,4
57.03078627586365,691,0
57.06687092781067,6324,3
57.08771324157715,691,0
57.120803356170654,4260,4
57.15057301521301,691,0
57.182706117630005,5572,4
57.21210050582886,691,0
57.243746280670166,4068,4
57.26511740684509,691,0
57.307520151138306,5572,4
57.32809662818909,691,0
57.359814405441284,3892,4
57.37437558174133,996,5
57.39264535903931,691,0
57.45400023460388,691,0
57.47998929023743,8404,3
57.51096701622009,691,0
57.54310464859009,6516,3
57.57488179206848,691,0
57.60038471221924,4820,4
57.63461756706238,691,0
57.666508436203,8020,3
57.68665075302124,691,0
57.72311067581177,4644,4
57.75341486930847,691,0
57.785547494888306,7268,3
57.81408762931824,691,0
57.84173369407654,3892,4
57.873934745788574,691,0
57.904603242874146,5764,4
57.927109479904175,691,0
57.95930576324463,3892,4
57.98892068862915,691,0
58.051188945770264,691,0
58.08321404457092,7828,3
58.11627435684204,691,0
58.14498782157898,3892,4
58.1757550239563,691,0
58.203866958618164,35285,2
58.22569274902344,691,0
58.26869058609009,3140,4
58.288633584976196,691,0
58.32096076011658,4452,4
58.334240674972534,108,5
58.34973907470703,691,0
58.38329792022705,5956,3
58.41248869895935,691,0
58.44427752494812,4820,4
58.466479778289795,691,0
58.50267219543457,6900,3
58.53317832946777,691,0
58.56510806083679,5012,4
58.58549928665161,691,0
58.66162967681885,691,0
58.68052840232849,8580,3
58.711456537246704,691,0
58.74374341964722,6148,3
58.781299352645874,691,0
58.80294919013977,4452,4
58.833497762680054,691,0
58.866090536117554,5764,4
58.88644862174988,691,0
58.92020535469055,3316,4
58.95080256462097,691,0
58.982603311538696,4452,4
59.0120325088501,691,0
59.046565532684326,6148,3
59.067728996276855,691,0
59.100966930389404,3892,4
59.13131904602051,691,0
59.171483755111694,6148,3
59.19448494911194,691,0
59.248780727386475,691,0
59.28161668777466,6900,3
59.31308698654175,691,0
59.3449182510376,3700,4
59.37918257713318,691,0
59.402448654174805,6708,3
59.43201732635498,691,0
59.46531677246094,4820,4
59.48678374290466,691,0
59.52428579330444,6900,3
59.554713010787964,691,0
59.58367943763733,5012,4
59.60994529724121,691,0
59.64197826385498,7076,3
59.69169592857361,691,0
59.70105719566345,4260,4
59.731658935546875,691,0
59.76478958129883,5572,4
59.79312205314636,691,0
59.85647702217102,691,0
59.88986587524414,5012,4
59.909327030181885,691,0
59.94210958480835,5764,4
59.973533630371094,691,0
60.00300598144531,3700,4
60.03417754173279,691,0
60.061726331710815,5572,4
60.097216844558716,691,0
60.122596979141235,3508,4
60.152313232421875,691,0
60.20551896095276,33029,2
60.2143280506134,691,0
60.24190711975098,4644,4
60.27248501777649,691,0
60.3062584400177,6900,3
60.34544849395752,691,0
60.36300873756409,5012,4
60.46347904205322,691,0
60.463547229766846,691,0
60.46359705924988,691,0
60.51996898651123,11352,5
60.7778685092926,9796,5
62.30720663070679,691,0
62.30722713470459,5703,4
62.30731201171875,691,0
62.30733299255371,183896,6
62.460288524627686,2896,5
62.46470355987549,10977,5
62.468003273010254,7268,3
62.49938225746155,691,0
62.52252221107483,5764,4
62.5529944896698,691,0
62.58463978767395,5012,4
62.61680316925049,691,0
62.64163279533386,7460,3
62.671953439712524,691,0
62.70394778251648,4644,4
62.733309745788574,691,0
62.77125334739685,9908,5
62.79152703285217,691,0
62.860222816467285,691,0
62.884865045547485,8404,3
62.91641640663147,691,0
62.9380669593811,2004,5
62.97958040237427,691,0
63.00107550621033,4820,4
63.03182291984558,691,0
63.06587100028992,5572,4
63.09296464920044,691,0
63.12508583068848,3700,4
63.165218353271484,691,0
63.18314290046692,5572,4
63.2104926109314,691,0
63.24254298210144,3316,4
63.27315020561218,691,0
63.30560564994812,5204,4
63.33788824081421,691,0
63.36251091957092,6708,3
63.37710523605347,916,5
63.393486738204956,691,0
63.45302224159241,691,0
63.48557925224304,5956,3
63.51613187789917,691,0
63.544167041778564,2756,5
63.57694458961487,691,0
63.59995794296265,4068,4
63.63073492050171,691,0
63.66309356689453,7076,3
63.693328619003296,691,0
63.72205686569214,4452,4
63.752891540527344,691,0
63.787230253219604,5396,4
63.814791440963745,691,0
63.840543031692505,3892,4
63.8699893951416,691,0
63.90272808074951,5572,4
63.93303179740906,691,0
63.96529936790466,3700,4
63.99584197998047,691,0
64.06098175048828,691,0
64.08351826667786,7828,3
64.09440565109253,588,5
64.11429834365845,691,0
64.140389919281,5204,4
64.17160034179688,691,0
64.2063958644867,40549,6
64.237961769104,691,0
64.26748919487,5012,4
64.28437829017639,668,5
64.29867029190063,691,0
64.32328915596008,7268,3
64.35361742973328,691,0
64.38543486595154,6516,3
64.41637563705444,691,0
64.44211554527283,5204,4
64.47472882270813,691,0
64.50109791755676,7076,3
64.53127837181091,691,0
64.56332540512085,5012,4
64.60335493087769,691,0
64.65562462806702,691,0
64.68017363548279,10084,5
64.71215105056763,691,0
64.74512982368469,5396,4
64.78091716766357,691,0
64.81403303146362,7652,3
64.83852195739746,691,0
64.86400604248047,5012,4
64.87465333938599,668,5
64.90572094917297,691,0
64.92419123649597,8964,5
64.9538779258728,691,0
64.98678588867188,5012,4
65.0172393321991,691,0
65.04195213317871,8020,3
65.07129335403442,691,0
65.11996841430664,4260,4
65.13450312614441,691,0
65.15967726707458,11781,5
65.19063925743103,691,0
65.2561182975769,691,0
65.27925372123718,11413,5
65.32012891769409,691,0
65.34150242805481,2756,5
65.37530279159546,691,0
65.40183877944946,5764,4
65.41955709457397,1420,5
65.43158149719238,691,0
65.4644501209259,7268,3
65.49711513519287,691,0
65.52231216430664,4644,4
65.5526123046875,691,0
65.58444619178772,7076,3
65.62847566604614,691,0
65.64247965812683,4260,4
65.67306208610535,691,0
65.70576643943787,6148,3
65.73447012901306,691,0
65.76805996894836,4068,4
65.79816913604736,691,0
65.8594069480896,691,0
65.88191270828247,7652,3
65.91246485710144,691,0
65.9420919418335,3508,4
65.97630333900452,691,0
66.00145626068115,5012,4
66.04083251953125,691,0
66.06307125091553,6708,3
66.09232592582703,691,0
66.13848233222961,4452,4
66.15491604804993,691,0
66.19022011756897,40165,6
66.21174693107605,691,0
66.24481701850891,3508,4
66.27616333961487,691,0
66.30254483222961,5012,4
66.34750843048096,691,0
66.35946536064148,6516,3
66.40081667900085,691,0
66.45216655731201,691,0
66.48383617401123,7652,3
66.5146484375,691,0
66.54361724853516,4452,4
66.55462646484375,108,5
66.57373380661011,691,0
66.60072183609009,6148,3
66.6321291923523,691,0
66.6641674041748,4260,4
66.6951014995575,691,0
66.72116208076477,5012,4
66.75129914283752,691,0
66.79104804992676,8580,3
66.81311988830566,691,0
66.84527039527893,5764,4
66.87548899650574,691,0
66.8989098072052,5956,3
66.93941831588745,691,0
66.96119809150696,4452,4
66.9913923740387,691,0
67.05305576324463,691,0
67.08471918106079,8404,3
67.11822605133057,691,0
67.1426477432251,5012,4
67.15497660636902,668,5
67.17222833633423,691,0
67.20427179336548,6516,3
67.23444509506226,691,0
67.25996804237366,4068,4
67.29175615310669,691,0
67.32384848594666,5572,4
67.35410141944885,691,0
67.3800733089447,4068,4
67.41997361183167,691,0
67.4418396949768,6516,3
67.47214007377625,691,0
67.50468230247498,3700,4
67.51354312896729,691,0
67.56598687171936,5204,4
67.57924056053162,691,0
67.64149761199951,691,0
67.68412828445435,8772,3
67.69473457336426,691,0
67.74142456054688,4452,4
67.77929377555847,691,0
67.79886937141418,6900,3
67.81901526451111,691,0
67.86131072044373,5572,4
67.87722992897034,691,0
67.92329573631287,4644,4
67.93350124359131,691,0
67.98176646232605,6900,3
67.99893760681152,691,0
68.04241418838501,5572,4
68.05248165130615,691,0
68.10422348976135,4260,4
68.11487007141113,691,0
68.16505742073059,29768,2
68.2415382862091,691,0
68.2856228351593,6900,3
68.29540157318115,691,0
68.34815573692322,5204,4
68.35843825340271,691,0
68.40075445175171,6516,3
68.41172790527344,691,0
68.46417260169983,4644,4
68.4741780757904,691,0
68.52045178413391,6148,3
68.53148794174194,691,0
68.59881472587585,4452,4
68.599036693573,691,0
68.60458111763,691,0
68.64088988304138,7268,3
68.6523129940033,691,0
68.7051899433136,8212,3
68.71643829345703,691,0
68.76704406738281,6516,3
68.77583456039429,691,0
68.83355617523193,691,0
68.8856749534607,7268,3
68.89701914787292,691,0
68.94208717346191,3508,4
68.95387053489685,691,0
69.00348353385925,4452,4
69.02028512954712,691,0
69.06418991088867,6516,3
69.07421851158142,691,0
69.12120747566223,4644,4
69.13164973258972,691,0
69.18438196182251,6148,3
69.19335770606995,691,0
69.245281457901,4068,4
69.25574541091919,691,0
69.30058097839355,4820,4
69.31990933418274,691,0
69.36264872550964,5764,4
69.37262058258057,691,0
69.43488383293152,691,0
69.48382520675659,9908,5
69.49402403831482,691,0
69.53843426704407,6324,3
69.5611321926117,691,0
69.60131168365479,4820,4
69.61329960823059,691,0
69.66486382484436,6708,3
69.67418217658997,691,0
69.72818970680237,5956,3
69.73917770385742,691,0
69.78125548362732,4820,4
69.80044198036194,691,0
69.84292340278625,8212,3
69.85294270515442,691,0
69.90582323074341,7268,3
69.91987872123718,691,0
69.96236801147461,7076,3
69.97232365608215,691,0
70.03522849082947,691,0
70.08139324188232,8580,3
70.10001802444458,691,0
70.14184713363647,5572,4
70.16243863105774,691,0
70.20730781555176,45752,6
70.26462030410767,7460,3
70.2760169506073,691,0
70.33665156364441,10084,5
70.33689141273499,1396,5
70.33691501617432,691,0
70.380606174469,6900,3
70.39984226226807,691,0
70.45000433921814,7268,3
70.45256352424622,691,0
70.50681686401367,5204,4
70.5155987739563,691,0
70.56176495552063,6324,3
70.57238578796387,691,0
70.64441847801208,691,0
70.67903900146484,4820,4
70.7017343044281,691,0
70.74540996551514,5572,4
70.7606770992279,691,0
70.8035957813263,8404,3
70.81380724906921,691,0
70.8606014251709,6148,3
70.88065385818481,691,0
70.92254781723022,4644,4
70.93266034126282,691,0
70.98447561264038,5764,4
70.99781012535095,691,0
71.0405285358429,6900,3
71.05491518974304,1108,5
71.06088352203369,691,0
71.10296630859375,5396,4
71.12240839004517,691,0
71.16559028625488,8212,3
71.17677116394043,691,0
71.23829460144043,691,0
71.28116703033447,8964,5
71.30247783660889,691,0
71.34254384040833,5764,4
71.3547568321228,1420,5
71.35489702224731,691,0
71.40356349945068,7460,3
71.41327667236328,691,0
71.46577453613281,4452,4
71.47503900527954,691,0
71.52148771286011,8212,3
71.54166531562805,691,0
71.58448624610901,6324,3
71.59456300735474,691,0
71.64267659187317,5012,4
71.67050814628601,691,0
71.70621967315674,6708,3
71.71663546562195,691,0
71.7714455127716,4260,4
71.77450966835022,1364,5
71.78044939041138,691,0
71.84250092506409,691,0
71.88448023796082,8772,3
71.89486813545227,691,0
71.94813346862793,5396,4
71.97378611564636,691,0
72.00302004814148,6708,3
72.01381826400757,691,0
72.06342458724976,5764,4
72.07886409759521,691,0
72.1258294582367,7652,3
72.13499808311462,691,0
72.18940687179565,26821,2
72.20020127296448,691,0
72.24736404418945,7828,3
72.25517725944519,691,0
72.30002117156982,6708,3
72.31926441192627,691,0
72.36133193969727,4260,4
72.38135552406311,691,0
72.44341206550598,691,0
72.48685026168823,9332,5
72.49774837493896,691,0
72.54396772384644,5204,4
72.55762386322021,691,0
72.60313129425049,6324,3
72.61353135108948,691,0
72.6613118648529,4452,4
72.68162870407104,691,0
72.7235894203186,5012,4
72.7336950302124,691,0
72.79437971115112,6900,3
72.79495787620544,691,0
72.84262943267822,5012,4
72.86343359947205,691,0
72.9064199924469,7268,3
72.91511607170105,691,0
72.96046161651611,4452,4
72.97447776794434,108,5
72.98101544380188,691,0
73.04348492622375,691,0
73.08674573898315,8020,3
73.09922313690186,691,0
73.14609265327454,4820,4
73.15644788742065,691,0
73.20015382766724,6516,3
73.22054243087769,691,0
73.26259255409241,5396,4
73.27451729774475,1052,5
73.28188610076904,691,0
73.32461094856262,6148,3
73.33509659767151,691,0
73.38961720466614,9716,5
73.39980936050415,691,0
73.442556142807,5956,3
73.4531638622284,691,0
73.50584578514099,7652,3
73.51566457748413,691,0
73.56057906150818,3892,4
73.58070850372314,691,0
73.64265823364258,691,0
73.68763780593872,13845,5
73.69877171516418,691,0
73.74487209320068,8212,3
73.75748658180237,691,0
73.80016660690308,5956,3
73.81448459625244,164,5
73.82068681716919,691,0
73.86312103271484,6708,3
73.87329840660095,691,0
73.92508316040039,3140,4
73.93558263778687,691,0
73.98273825645447,5764,4
74.00193858146667,691,0
74.04478669166565,9156,5
74.05693411827087,691,0
74.100914478302,5764,4
74.11338996887207,691,0
74.16844058036804,36920,2
74.24002504348755,691,0
74.28220009803772,3892,4
74.30385947227478,691,0
74.34404611587524,5012,4
74.35439395904541,691,0
74.40131044387817,6324,3
74.42174959182739,691,0
74.46331977844238,3316,4
74.47350454330444,691,0
74.53084540367126,5204,4
74.5359787940979,691,0
74.5805230140686,6324,3
74.6017324924469,691,0
74.64177203178406,4820,4
74.66125679016113,691,0
74.7071545124054,7076,3
74.71714782714844,691,0
74.7707998752594,5204,4
74.780757188797,691,0
74.84263134002686,691,0
74.8849184513092,9716,5
74.89521765708923,691,0
74.94260931015015,5204,4
74.96380162239075,691,0
74.99800515174866,7076,3
75.01758861541748,691,0
75.05952882766724,5572,4
75.07983374595642,691,0
75.12261319160461,6516,3
75.14467096328735,691,0
75.18632411956787,6900,3
75.19749188423157,691,0
75.25451302528381,6148,3
75.25484704971313,691,0
75.305832862854,3700,4
75.31543111801147,691,0
75.35904550552368,7268,3
75.38004565238953,691,0
75.45186495780945,691,0
75.48448395729065,10277,5
75.4960298538208,691,0
75.5394504070282,4820,4
75.5545392036438,476,5
75.56163620948792,691,0
75.60576725006104,8772,3
75.61615204811096,691,0
75.66322350502014,4644,4
75.68071579933167,691,0
75.72456049919128,11413,5
75.73471689224243,1277,5
75.74387454986572,691,0
75.78423142433167,3700,4
75.79391384124756,691,0
75.8396909236908,9908,5
75.86133933067322,691,0
75.9025502204895,5012,4
75.91454482078552,668,5
75.92348575592041,691,0
75.97038912773132,17287,5
77.94303441047668,202720,6
78.07675671577454,4344,4
78.0804853439331,14531,5
78.12217020988464,4452,4
78.14148926734924,691,0
78.19047164916992,37480,2
78.24037861824036,2756,5
78.2614061832428,691,0
78.30423021316528,4260,4
78.31472396850586,1364,5
78.31477403640747,691,0
78.36207008361816,6516,3
78.38207125663757,691,0
78.44447731971741,691,0
78.48003888130188,6516,3
78.50109839439392,691,0
78.54274296760559,3892,4
78.56596636772156,691,0
78.60093379020691,5764,4
78.62699103355408,691,0
78.66859030723572,4644,4
78.67978286743164,691,0
78.69489979743958,691,0
78.73269534111023,5956,3
78.75988745689392,691,0
78.79418134689331,4260,4
78.80594086647034,691,0
79.04588556289673,6783,3
80.13644766807556,165526,6
80.28024744987488,6900,3
80.2999951839447,691,0
80.3428099155426,5396,4
80.36453175544739,691,0
80.41163206100464,7460,3
80.42384672164917,691,0
80.46491527557373,8580,3
80.47657680511475,691,0
80.52017140388489,5204,4
80.54088377952576,691,0
80.5832450389862,8580,3
80.60222482681274,691,0
80.64697599411011,4452,4
80.65722155570984,691,0
80.7060067653656,11413,5
80.71782183647156,691,0
80.79003977775574,5572,4
80.79202365875244,691,0
80.7948727607727,691,0
80.84547233581543,691,0
80.88102149963379,7828,3
80.8986406326294,691,0
80.94437289237976,4644,4
80.95602107048035,691,0
81.00107145309448,6148,3
81.0211534500122,691,0
81.06384515762329,3892,4
81.09339141845703,691,0
81.12334299087524,4452,4
81.14359760284424,691,0
81.19320750236511,7076,3
81.19804954528809,691,0
81.24539065361023,3700,4
81.25784468650818,883,5
81.29930663108826,7652,3
81.31836915016174,691,0
81.36070990562439,3892,4
81.39385223388672,691,0
81.4430365562439,691,0
81.5018949508667,9156,5
81.50225496292114,691,0
81.54171323776245,5396,4
81.56563138961792,691,0
81.60094785690308,7076,3
81.62144541740417,691,0
81.66409349441528,5396,4
81.68418550491333,691,0
81.73221850395203,8212,3
81.74211430549622,691,0
81.78420758247375,5396,4
81.79658436775208,1052,5
81.80423521995544,691,0
81.84317231178284,7076,3
81.86694979667664,691,0
81.90530347824097,5204,4
81.91597509384155,691,0
81.96440935134888,6900,3
81.98155903816223,691,0
82.0417058467865,691,0
82.08394837379456,7268,3
82.11247825622559,691,0
82.13994836807251,4644,4
82.16097235679626,691,0
82.21795916557312,34472,2
82.26122879981995,3700,4
82.2831678390503,691,0
82.32483506202698,5012,4
82.34579086303711,691,0
82.38514518737793,6516,3
82.4000334739685,691,0
82.4429886341095,5572,4
82.46316075325012,691,0
82.52294301986694,7460,3
82.5231261253357,691,0
82.56276273727417,5572,4
82.58273077011108,691,0
82.64504265785217,691,0
82.67886352539062,8580,3
82.69946050643921,691,0
82.74245738983154,4820,4
82.77012276649475,691,0
82.80315947532654,6324,3
82.82349944114685,691,0
82.86517763137817,3700,4
82.88598465919495,691,0
82.92879962921143,4644,4
82.93939709663391,691,0
82.98135781288147,8964,5
83.0016040802002,691,0
83.04806208610535,9332,5
83.05603551864624,691,0
83.10196161270142,7828,3
83.12177801132202,691,0
83.16404104232788,6324,3
83.18431043624878,691,0
83.2395555973053,691,0
83.28200244903564,7076,3
83.30722308158875,691,0
83.34255051612854,3140,4
83.36321878433228,691,0
83.40480589866638,4452,4
83.41448068618774,108,5
83.42418503761292,691,0
83.45867228507996,6324,3
83.47816967964172,691,0
83.52043962478638,3700,4
83.54048132896423,691,0
83.5828423500061,5764,4
83.60201573371887,691,0
83.65359163284302,3892,4
83.65464282035828,996,5
83.66406226158142,691,0
83.70043992996216,5204,4
83.72079014778137,691,0
83.76472902297974,7268,3
83.78247380256653,691,0
83.85912084579468,691,0
83.88707137107849,6148,3
83.89927124977112,691,0
83.95500493049622,2948,5
83.95514011383057,52,5
83.96137380599976,691,0
84.00336337089539,4260,4
84.02378559112549,691,0
84.06840658187866,5012,4
84.07642483711243,691,0
84.1307020187378,6900,3
84.14032077789307,691,0
84.18736386299133,39413,2
84.20371198654175,691,0
84.2450065612793,3700,4
84.27200889587402,804,5
84.27207684516907,691,0
84.30021476745605,5764,4
84.31987690925598,691,0
84.36448001861572,6708,3
84.38283205032349,691,0
84.4441704750061,691,0
84.48785281181335,6516,3
84.4994056224823,691,0
84.543297290802,6708,3
84.57028722763062,691,0
84.6002037525177,2948,5
84.62048697471619,691,0
84.67289328575134,4452,4
84.67453980445862,108,5
84.68500089645386,691,0
84.72249007225037,5396,4
84.74452114105225,691,0
84.79464387893677,9156,5
84.80691885948181,691,0
84.84595894813538,5012,4
84.85663270950317,691,0
84.90129446983337,6900,3
84.92123103141785,691,0
84.98196530342102,3508,4
84.98211622238159,612,5
84.98357701301575,691,0
85.04718947410583,691,0
85.08789610862732,9156,5
85.09765195846558,691,0
85.14179229736328,5396,4
85.16246819496155,691,0
85.20513343811035,8020,3
85.2252402305603,691,0
85.25768494606018,4068,4
85.28355479240417,691,0
85.32330465316772,6708,3
85.34360337257385,691,0
85.38818073272705,4452,4
85.40736484527588,691,0
85.44579553604126,7652,3
85.46509265899658,691,0
85.4986891746521,5396,4
85.51800060272217,691,0
85.56193113327026,8772,3
85.59156799316406,691,0
85.6444206237793,691,0
85.67932105064392,8964,5
85.69471263885498,276,5
85.70106601715088,691,0
85.74323344230652,5764,4
85.76586818695068,691,0
85.79888200759888,4452,4
85.81946349143982,691,0
85.8629162311554,5956,3
85.87452793121338,164,5
85.88100934028625,691,0
85.92327547073364,3892,4
85.94355773925781,691,0
85.98689770698547,5572,4
85.99787139892578,691,0
86.0426025390625,5956,3
86.06288862228394,691,0
86.10489749908447,5396,4
86.12611484527588,691,0
86.16328072547913,39176,2
86.24144172668457,691,0
86.28461122512817,12533,5
86.30500674247742,691,0
86.34156322479248,8020,3
86.3632824420929,691,0
86.40679216384888,12725,5
86.41818833351135,691,0
86.46104049682617,8772,3
86.48286938667297,691,0
86.52563309669495,6708,3
86.54531645774841,691,0
86.57783126831055,4452,4
86.59787011146545,691,0
86.64115452766418,7460,3
86.66114163398743,691,0
86.7043673992157,4644,4
86.71515202522278,300,5
86.72477102279663,691,0
86.76566624641418,6516,3
86.7874538898468,691,0
86.84501767158508,691,0
86.87971830368042,6900,3
86.89482426643372,1108,5
86.90025615692139,691,0
86.94217801094055,3316,4
86.96294641494751,691,0
87.00459170341492,4452,4
87.02526521682739,691,0
87.05916595458984,5764,4
87.07942485809326,691,0
87.12188792228699,7460,3
87.1438307762146,691,0
87.18637084960938,4068,4
87.2063934803009,691,0
87.24866700172424,5764,4
87.25777554512024,691,0
87.30154967308044,7460,3
87.32061195373535,691,0
87.36347985267639,5572,4
87.3836441040039,691,0
87.4449872970581,691,0
87.4880006313324,10084,5
87.4999737739563,691,0
87.54081916809082,4820,4
87.56141018867493,691,0
87.6035544872284,9524,5
87.62275290489197,691,0
87.66799926757812,5956,3
87.6779432296753,691,0
87.72718501091003,8580,3
87.73799753189087,691,0
87.78112077713013,3892,4
87.80047750473022,691,0
87.843186378479,7652,3
87.86328268051147,691,0
87.90516924858093,3700,4
87.92557001113892,691,0
87.96300196647644,8580,3
87.98220610618591,691,0
88.0438551902771,691,0
88.08639574050903,6516,3
88.10825419425964,691,0
88.1402850151062,2756,5
88.16122388839722,691,0
88.20651149749756,35845,2
88.22708940505981,691,0
88.26894617080688,3892,4
88.27827954292297,691,0
88.32078289985657,6900,3
88.34106254577637,691,0
88.38392186164856,6900,3
88.40274262428284,691,0
88.45448541641235,5572,4
88.46636366844177,691,0
88.50213408470154,3700,4
88.52245616912842,691,0
88.56485271453857,5396,4
88.58513474464417,691,0
88.63942193984985,691,0
88.68229150772095,9908,5
88.70273518562317,691,0
88.74491477012634,5204,4
88.77113890647888,691,0
88.80400919914246,8212,3
88.8238353729248,691,0
88.860586643219,5572,4
88.88088846206665,691,0
88.92324876785278,4644,4
88.94337058067322,691,0
88.98766541481018,6708,3
88.99897861480713,691,0
89.05100274085999,5396,4
89.06048727035522,691,0
89.10510683059692,7652,3
89.12219047546387,691,0
89.16480231285095,5764,4
89.1748559474945,1420,5
89.18559455871582,691,0
89.23869562149048,691,0
89.28390145301819,6516,3
89.3046555519104,691,0
89.3448417186737,4644,4
89.3694097995758,691,0
89.40069222450256,5956,3
89.42090201377869,691,0
89.46296262741089,4452,4
89.47463989257812,108,5
89.48248744010925,691,0
89.5247015953064,5204,4
89.54613018035889,691,0
89.5893976688385,10661,5
89.59917664527893,691,0
89.645094871521,4260,4
89.66557431221008,691,0
89.70962071418762,11221,5
89.7194938659668,691,0
89.7622618675232,4452,4
89.78362083435059,691,0
89.84595251083374,691,0
89.88057088851929,15733,5
89.90171003341675,691,0
89.944575548172,7828,3
89.96597647666931,691,0
89.99957728385925,4820,4
90.01978778839111,691,0
90.06752276420593,7268,3
90.07823085784912,691,0
90.12048840522766,4260,4
90.14119458198547,691,0
90.18868947029114,35784,2
90.24192261695862,3700,4
90.26252174377441,691,0
90.30663347244263,5764,4
90.31830048561096,691,0
90.36484551429749,8020,3
90.37478423118591,780,5
90.38508462905884,691,0
90.44558429718018,691,0
90.48049879074097,7828,3
90.50116729736328,883,5
90.54239177703857,3140,4
90.56476092338562,691,0
90.59998416900635,4260,4
90.61999678611755,691,0
90.66251277923584,5572,4
90.68536686897278,691,0
90.71960067749023,6900,3
90.7398087978363,691,0
90.78917789459229,4644,4
90.80266737937927,691,0
90.84490060806274,7460,3
90.86453986167908,691,0
90.90756011009216,5396,4
90.92756962776184,691,0
90.96010446548462,6516,3
90.9799256324768,691,0
91.04314947128296,691,0
91.085373878479,6708,3
91.10682225227356,691,0
91.14200019836426,4644,4
91.16273927688599,691,0
91.20519351959229,5764,4
91.22505974769592,691,0
91.26321578025818,8964,5
91.28293323516846,691,0
91.32485961914062,3700,4
91.34691309928894,691,0
91.38293504714966,6708,3
91.40216970443726,691,0
91.44387006759644,2388,5
91.46432828903198,691,0
91.50755858421326,5204,4
91.52706909179688,691,0
91.55936312675476,5204,4
91.57883501052856,691,0
91.6423192024231,691,0
91.67753481864929,13669,5
91.70916676521301,691,0
91.74113249778748,4068,4
91.76376438140869,691,0
91.80918526649475,7460,3
91.82667684555054,691,0
91.86256408691406,4068,4
91.8829836845398,691,0
91.92615151405334,8212,3
91.94487357139587,972,5
91.94575500488281,691,0
91.97906374931335,4820,4
92.00988674163818,691,0
92.0415985584259,8212,3
92.06149125099182,691,0
92.10854983329773,4260,4
92.11877202987671,691,0
92.16722679138184,47624,6
92.24744462966919,691,0
92.28170156478882,3892,4
92.30497860908508,691,0
92.34188485145569,7268,3
92.36307096481323,691,0
92.40540885925293,4260,4
92.42563033103943,691,0
92.46518015861511,6708,3
92.48526692390442,691,0
92.52296900749207,4644,4
92.54105591773987,691,0
92.58353400230408,7268,3
92.60276937484741,691,0
92.64630579948425,5204,4
92.66746664047241,691,0
92.70174431800842,7828,3
92.72715497016907,691,0
92.76594519615173,5204,4
92.78624248504639,691,0
92.84124898910522,691,0
92.88383650779724,11221,5
92.90508246421814,691,0
92.94097375869751,6324,3
92.9642026424408,691,0
93.00230073928833,5012,4
93.0226821899414,691,0
93.06484317779541,7076,3
93.08725261688232,691,0
93.12327885627747,5764,4
93.14371275901794,691,0
93.18586158752441,5012,4
93.20629954338074,691,0
93.24052238464355,6708,3
93.26038002967834,691,0
93.30148577690125,4452,4
93.32096672058105,691,0
93.36335611343384,5956,3
93.37456250190735,164,5
93.38368272781372,691,0
93.44578433036804,691,0
93.48913025856018,6900,3
93.5010461807251,691,0
93.54265022277832,2564,5
93.55485439300537,1116,5
93.5633955001831,691,0
93.60579323768616,7076,3
93.62533140182495,691,0
93.65928530693054,4260,4
93.67931771278381,691,0
93.72235488891602,9156,5
93.74522066116333,691,0
93.78038358688354,5396,4
93.79980230331421,691,0
93.84301209449768,8772,3
93.86298537254333,691,0
93.90470147132874,5572,4
93.92537045478821,691,0
93.96265459060669,7828,3
93.9825370311737,691,0
94.04388999938965,691,0
94.08666491508484,6516,3
94.10689425468445,691,0
94.14278197288513,4068,4
94.16351103782654,691,0
94.20774841308594,29461,2
94.2284529209137,691,0
94.26506543159485,2948,5
94.28617477416992,691,0
94.31883835792542,3892,4
94.34942102432251,691,0
94.38218307495117,5012,4
94.40147256851196,691,0
94.4437325000763,5956,3
94.46420407295227,691,0
94.50615239143372,3700,4
94.52677536010742,691,0
94.55887937545776,5204,4
94.57936716079712,691,0
94.64170026779175,691,0
94.68389129638672,7652,3
94.70940017700195,691,0
94.74796628952026,4452,4
94.77721500396729,691,0
94.81307935714722,5764,4
94.81948518753052,691,0
94.86232662200928,4820,4
94.88256931304932,691,0
94.92421317100525,6708,3
94.94422602653503,691,0
94.98243856430054,5572,4
95.00785183906555,691,0
95.04441142082214,6324,3
95.0636100769043,691,0
95.10605359077454,4068,4
95.1264295578003,691,0
95.16181516647339,6900,3
95.18429946899414,691,0
95.24524974822998,691,0
95.28363418579102,8964,5
95.31920456886292,691,0
95.34263277053833,5764,4
95.36463713645935,691,0
95.40017986297607,5956,3
95.42011666297913,691,0
95.4621114730835,4260,4
95.48237609863281,691,0
95.52975225448608,4644,4
95.54755306243896,883,5
95.58088517189026,5764,4
95.60015892982483,691,0
95.6425952911377,3700,4
95.66274929046631,691,0
95.70496606826782,5956,3
95.72531938552856,691,0
95.75993776321411,2756,5
95.78081369400024,691,0
95.8408432006836,691,0
95.88502645492554,6708,3
95.90675139427185,691,0
95.93973636627197,2564,5
95.96040439605713,691,0
96.0039267539978,4068,4
96.02367687225342,691,0
96.06621241569519,6148,3
96.08539628982544,691,0
96.11995387077332,2756,5
96.1348557472229,1308,5
96.14059042930603,691,0
96.18513131141663,32645,2
96.20254445075989,691,0
96.24448871612549,3700,4
96.26528310775757,691,0
96.30373668670654,7076,3
96.32413697242737,691,0
96.36586046218872,4452,4
96.3865168094635,691,0
96.44823241233826,691,0
96.48129510879517,7652,3
96.50316023826599,691,0
96.54575705528259,4260,4
96.56878399848938,691,0
96.60238194465637,5572,4
96.62246704101562,691,0
96.66764283180237,7652,3
96.68765354156494,691,0
96.72270154953003,5572,4
96.74241852760315,691,0
96.7914686203003,9332,5
96.8038318157196,691,0
96.84604597091675,6900,3
96.86611318588257,691,0
96.903151512146,5764,4
96.92516136169434,691,0
96.96487808227539,7828,3
96.98720836639404,691,0
97.05404019355774,691,0
97.08490133285522,7828,3
97.10509300231934,691,0
97.14068579673767,3700,4
97.16295742988586,691,0
97.20373606681824,5204,4
97.22388648986816,691,0
97.26691150665283,6516,3
97.28695321083069,691,0
97.3203797340393,4068,4
97.34102416038513,691,0
97.38360404968262,6900,3
97.40275764465332,691,0
97.44430160522461,4260,4
97.46778345108032,691,0
97.50624299049377,6708,3
97.5262668132782,691,0
97.5614287853241,4452,4
97.57589769363403,108,5
97.58038115501404,691,0
97.64590716362,691,0
97.68847012519836,8020,3
97.70171523094177,691,0
97.74163365364075,4260,4
97.76467061042786,691,0
97.8026614189148,6324,3
97.82204675674438,691,0
97.86438655853271,4068,4
97.87923121452332,1172,5
97.88462018966675,691,0
97.92016887664795,6516,3
97.9403669834137,691,0
97.98225665092468,4068,4
98.0014283657074,691,0
98.04326629638672,6708,3
98.0644702911377,691,0
98.09880304336548,7268,3
98.12194442749023,691,0
98.1697850227356,47816,6
98.24570894241333,691,0
98.28564262390137,9156,5
98.30488109588623,691,0
98.34052729606628,5956,3
98.36236500740051,691,0
98.40350461006165,4644,4
98.42372965812683,691,0
98.46619296073914,5764,4
98.48516178131104,691,0
98.5201940536499,4644,4
98.54036164283752,691,0
98.58288335800171,7460,3
98.5948474407196,220,5
98.6022367477417,691,0
98.64488625526428,6324,3
98.66626119613647,691,0
98.69856262207031,4644,4
98.72848129272461,691,0
98.77161693572998,9332,5
98.78080129623413,691,0
98.84265875816345,691,0
98.88485813140869,7076,3
98.90590929985046,691,0
98.94010925292969,2948,5
98.96095681190491,691,0
99.00520730018616,4260,4
99.02301073074341,691,0
99.06843256950378,5764,4
99.08809208869934,691,0
99.12676501274109,3700,4
99.14269804954529,691,0
99.18450093269348,5764,4
99.21063590049744,691,0
99.24818563461304,3316,4
99.26847887039185,691,0
99.31435632705688,5764,4
99.31494975090027,1420,5
99.32103037834167,691,0
99.36749482154846,4820,4
99.38862895965576,691,0
99.45081377029419,691,0
99.48659086227417,13477,5
99.50441002845764,691,0
99.54056811332703,6900,3
99.56322383880615,691,0
99.6059820652008,11973,5
99.62696957588196,691,0
99.66108536720276,5204,4
99.68164539337158,691,0
99.72514939308167,18357,5
99.74579548835754,691,0
99.78023529052734,4820,4
99.80054783821106,691,0
99.84609699249268,19861,5
99.86670160293579,691,0
99.90409970283508,4820,4
99.92349529266357,691,0
99.96686124801636,17797,5
99.98966884613037,691,0
100.04128360748291,691,0
100.08412098884583,10469,5
100.10526061058044,691,0
100.14093089103699,4644,4
100.16135621070862,691,0
100.20612978935242,33221,2
100.22724795341492,691,0
100.26313018798828,3892,4
100.2821455001831,691,0
100.32577919960022,11589,5
100.33583736419678,5,5
100.34511876106262,691,0
100.38161396980286,5012,4
100.40075707435608,691,0
100.44610047340393,8580,3
100.46660780906677,691,0
100.50143837928772,3700,4
100.52174043655396,691,0
100.56384372711182,5764,4
100.58420181274414,691,0
100.64996886253357,691,0
100.6829845905304,9332,5
100.70398020744324,691,0
100.74783396720886,3316,4
100.77629327774048,691,0
100.80786538124084,5012,4
100.82772636413574,691,0
100.86045241355896,5572,4
100.88103652000427,691,0
100.92559719085693,8020,3
100.94528269767761,691,0
100.98320436477661,2948,5
101.00291657447815,691,0
